station_id,timestamp,entries,exits
Stn_009,2026-06-21 2:00:00,73,68
Stn_010,2026-06-01 17:00:00,433,396
STN_009,2026-06-06 21:00:00,137,110
STN_001,2026-06-26 4:00:00,92,92
stn_009,2026-06-26 13:00:00,85,69
STN_009,2026-06-27 23:00:00,86,84
STN_008,2026-06-08 11:00:00,105,-90
Stn_010,2026-06-07 0:00:00,86,78
STN_006,2026-06-25 12:00:00,DEVICE_ERROR,79
stn_002,2026-06-02 16:00:00,253,247
STN_007,2026-06-16 1:00:00,81,79
STN_010,2026-06-15 17:00:00,418,428
Stn_010,2026-06-20 9:00:00,389,408
STN_002,2026-06-05 13:00:00,84,87
STN_003,2026-06-26 9:00:00,439,438
stn_003,2026-06-22 21:00:00,134,110
STN_010,2026-06-19 16:00:00,236,228
STN_005,2026-06-16 19:00:00,484,492
STN_007,2026-06-15 0:00:00,80,-82
STN_008,2026-06-10 3:00:00,74,65
stn_003,2026-06-08 1:00:00,DEVICE_ERROR,71
Stn_008,2026-06-08 3:00:00,85,78
stn_008,2026-06-19 21:00:00,126,126
STN_004,2026-06-17 10:00:00,257,246
Stn_001,2026-06-18 1:00:00,80,72
STN_004,2026-06-23 21:00:00,140,125
Stn_005,2026-06-14 21:00:00,141,139
STN_003,2026-06-23 23:00:00,74,75
Stn_002,2026-06-10 6:00:00,252,242
STN_002,2026-06-25 17:00:00,-383,387
stn_009,2026-06-04 15:00:00,137,125
stn_006,2026-06-12 10:00:00,232,211
stn_010,2026-06-21 3:00:00,93,97
stn_007,2026-06-23 10:00:00,219,184
STN_001,2026-06-14 4:00:00,93,94
stn_001,2026-06-06 21:00:00,145,143
stn_009,2026-06-15 8:00:00,-432,431
STN_007,2026-06-10 12:00:00,94,94
STN_004,2026-06-15 14:00:00,DEVICE_ERROR,68
stn_002,2026-06-02 18:00:00,-482,408
stn_002,2026-06-03 12:00:00,79,74
STN_008,2026-06-23 15:00:00,125,130
stn_004,2026-06-30 18:00:00,486,474
stn_002,2026-06-18 22:00:00,98,94
STN_001,2026-06-21 0:00:00,78,-66
STN_005,2026-06-15 0:00:00,92,77
STN_009,2026-06-30 21:00:00,109,101
STN_003,2026-06-19 9:00:00,433,390
stn_006,2026-06-17 0:00:00,82,68
STN_002,2026-06-06 3:00:00,93,76
STN_004,2026-06-19 11:00:00,115,115
STN_008,2026-06-27 14:00:00,90,79
STN_007,2026-06-17 16:00:00,DEVICE_ERROR,218
STN_001,2026-06-25 21:00:00,129,118
STN_005,2026-06-15 6:00:00,233,207
stn_005,2026-06-15 13:00:00,94,75
STN_004,2026-06-11 0:00:00,85,69
stn_009,2026-06-28 8:00:00,480,DEVICE_ERROR
STN_004,2026-06-22 0:00:00,82,72
STN_007,2026-06-14 8:00:00,435,381
STN_010,2026-06-06 0:00:00,69,DEVICE_ERROR
STN_007,2026-06-15 15:00:00,114,103
STN_006,2026-06-05 20:00:00,255,210
STN_001,2026-06-14 2:00:00,70,68
STN_009,2026-06-06 23:00:00,78,63
STN_006,2026-06-10 3:00:00,72,71
Stn_009,2026-06-15 23:00:00,88,DEVICE_ERROR
stn_002,2026-06-05 23:00:00,87,78
Stn_006,2026-06-04 8:00:00,437,438
Stn_008,2026-06-15 15:00:00,114,107
stn_002,2026-06-15 15:00:00,140,121
stn_007,2026-06-21 14:00:00,79,DEVICE_ERROR
STN_004,2026-06-10 10:00:00,219,182
STN_001,2026-06-14 17:00:00,395,332
stn_001,2026-06-15 22:00:00,97,89
STN_001,2026-06-13 14:00:00,82,80
STN_009,2026-06-02 14:00:00,79,80
stn_007,2026-06-27 22:00:00,88,80
stn_006,2026-06-04 2:00:00,76,68
STN_010,2026-06-12 6:00:00,253,-263
STN_006,2026-06-24 5:00:00,105,103
STN_004,2026-06-13 19:00:00,467,449
Stn_007,2026-06-02 18:00:00,484,427
STN_006,2026-06-08 17:00:00,487,437
Stn_004,2026-06-12 5:00:00,126,121
stn_002,2026-06-11 18:00:00,DEVICE_ERROR,-386
STN_009,2026-06-23 3:00:00,81,80
STN_005,2026-06-25 0:00:00,88,88
STN_010,2026-06-22 20:00:00,230,200
STN_007,2026-06-21 16:00:00,232,192
STN_010,2026-06-29 1:00:00,72,64
stn_006,2026-06-28 2:00:00,81,77
stn_006,2026-06-15 8:00:00,508,410
STN_006,2026-06-20 13:00:00,72,75
STN_006,2026-06-05 0:00:00,92,94
Stn_009,2026-06-05 4:00:00,79,70
stn_010,2026-06-26 1:00:00,84,77
STN_009,2026-06-15 4:00:00,98,86
STN_002,2026-06-07 0:00:00,68,59
STN_007,2026-06-04 15:00:00,141,127
Stn_003,2026-06-15 1:00:00,71,67
STN_010,2026-06-09 7:00:00,DEVICE_ERROR,465
STN_009,2026-06-06 22:00:00,93,97
STN_010,2026-06-18 22:00:00,94,93
STN_002,2026-06-15 17:00:00,455,-441
STN_007,2026-06-27 6:00:00,257,209
STN_002,2026-06-22 7:00:00,415,419
STN_003,2026-06-27 10:00:00,253,DEVICE_ERROR
stn_001,2026-06-02 22:00:00,90,79
stn_010,2026-06-28 12:00:00,98,82
STN_010,2026-06-15 22:00:00,-81,77
stn_003,2026-06-10 5:00:00,122,120
Stn_009,2026-06-28 18:00:00,567,590
STN_003,2026-06-15 4:00:00,100,83
STN_005,2026-06-01 23:00:00,80,73
stn_006,2026-06-14 11:00:00,136,109
STN_009,2026-06-06 8:00:00,549,491
STN_010,2026-06-04 23:00:00,82,81
STN_007,2026-06-22 22:00:00,78,-74
Stn_006,2026-06-25 1:00:00,92,-85
STN_010,2026-06-14 12:00:00,75,68
STN_006,2026-06-15 2:00:00,89,73
STN_009,2026-06-25 10:00:00,239,198
stn_003,2026-06-06 21:00:00,109,-105
stn_007,2026-06-19 5:00:00,DEVICE_ERROR,123
STN_008,2026-06-20 17:00:00,422,381
stn_002,2026-06-07 15:00:00,140,144
stn_001,2026-06-28 7:00:00,-341,-323
STN_007,2026-06-15 21:00:00,144,117
Stn_003,2026-06-07 6:00:00,231,209
stn_008,2026-06-18 16:00:00,268,255
STN_009,2026-06-23 8:00:00,474,400
STN_001,2026-06-03 6:00:00,213,196
stn_003,2026-06-20 11:00:00,119,116
Stn_006,2026-06-20 22:00:00,81,80
STN_001,2026-06-29 20:00:00,273,253
Stn_001,2026-06-26 2:00:00,76,67
STN_003,2026-06-03 13:00:00,82,84
STN_010,2026-06-09 20:00:00,241,204
STN_006,2026-06-24 2:00:00,81,75
Stn_009,2026-06-13 18:00:00,538,445
stn_010,2026-06-25 5:00:00,121,112
STN_003,2026-06-20 8:00:00,411,402
STN_006,2026-06-14 7:00:00,377,333
Stn_009,2026-06-02 10:00:00,242,226
stn_007,2026-06-09 4:00:00,89,72
stn_001,2026-06-27 21:00:00,119,104
Stn_009,2026-06-30 20:00:00,236,220
Stn_004,2026-06-07 19:00:00,458,373
stn_005,2026-06-11 22:00:00,83,69
Stn_009,2026-06-15 18:00:00,451,442
STN_002,2026-06-13 10:00:00,261,220
stn_006,2026-06-24 4:00:00,90,73
STN_005,2026-06-16 7:00:00,370,360
STN_010,2026-06-20 3:00:00,-69,69
Stn_007,2026-06-10 3:00:00,91,93
STN_008,2026-06-25 22:00:00,96,95
stn_008,2026-06-15 19:00:00,465,383
STN_007,2026-06-13 0:00:00,74,70
stn_001,2026-06-10 14:00:00,88,70
STN_007,2026-06-25 3:00:00,79,-67
stn_010,2026-06-07 13:00:00,DEVICE_ERROR,85
Stn_002,2026-06-29 3:00:00,83,83
stn_002,2026-06-14 2:00:00,69,57
STN_001,2026-06-28 9:00:00,404,414
STN_001,2026-06-09 3:00:00,81,82
STN_009,2026-06-30 12:00:00,91,74
Stn_006,2026-06-09 17:00:00,430,391
stn_005,2026-06-15 2:00:00,69,67
STN_002,2026-06-29 5:00:00,119,98
STN_004,2026-06-23 15:00:00,120,100
STN_009,2026-06-01 7:00:00,434,381
Stn_002,2026-06-19 12:00:00,89,85
STN_002,2026-06-07 1:00:00,83,81
stn_003,2026-06-12 9:00:00,-353,DEVICE_ERROR
Stn_006,2026-06-11 0:00:00,91,94
Stn_008,2026-06-20 15:00:00,123,121
STN_008,2026-06-10 12:00:00,94,DEVICE_ERROR
STN_004,2026-06-08 3:00:00,70,67
stn_008,2026-06-29 1:00:00,69,71
STN_006,2026-06-07 8:00:00,486,433
STN_006,2026-06-04 6:00:00,243,213
stn_003,2026-06-05 19:00:00,404,355
STN_004,2026-06-18 16:00:00,259,249
STN_010,2026-06-22 16:00:00,213,-195
Stn_004,2026-06-01 23:00:00,91,94
STN_007,2026-06-13 9:00:00,383,367
stn_001,2026-06-02 18:00:00,554,501
stn_006,2026-06-08 2:00:00,79,72
STN_002,2026-06-04 10:00:00,254,239
STN_003,2026-06-20 13:00:00,-86,69
Stn_001,2026-06-22 12:00:00,DEVICE_ERROR,69
Stn_008,2026-06-16 13:00:00,83,73
STN_003,2026-06-24 2:00:00,84,84
STN_010,2026-06-19 9:00:00,373,-343
stn_010,2026-06-16 2:00:00,86,75
STN_004,2026-06-17 4:00:00,90,79
STN_003,2026-06-04 11:00:00,107,110
stn_004,2026-06-08 4:00:00,100,96
STN_005,2026-06-10 14:00:00,84,81
stn_007,2026-06-15 2:00:00,76,64
stn_009,2026-06-28 1:00:00,86,83
STN_009,2026-06-07 14:00:00,91,87
STN_007,2026-06-02 20:00:00,210,174
STN_004,2026-06-11 2:00:00,81,76
stn_010,2026-06-29 17:00:00,422,438
STN_002,2026-06-18 0:00:00,69,65
Stn_002,2026-06-23 1:00:00,76,DEVICE_ERROR
stn_009,2026-06-15 9:00:00,392,364
STN_009,2026-06-12 15:00:00,146,123
STN_008,2026-06-13 21:00:00,141,144
stn_009,2026-06-10 14:00:00,80,73
stn_010,2026-06-04 14:00:00,101,88
stn_005,2026-06-22 18:00:00,453,430
STN_008,2026-06-21 22:00:00,79,69
STN_007,2026-06-12 23:00:00,82,83
STN_003,2026-06-27 0:00:00,79,73
STN_008,2026-06-10 14:00:00,99,89
STN_008,2026-06-12 19:00:00,386,339
stn_010,2026-06-02 10:00:00,243,241
STN_004,2026-06-15 4:00:00,98,81
STN_004,2026-06-15 2:00:00,85,79
stn_001,2026-06-15 1:00:00,72,66
stn_008,2026-06-24 16:00:00,251,230
stn_010,2026-06-08 18:00:00,533,481
STN_001,2026-06-27 7:00:00,367,359
Stn_007,2026-06-18 10:00:00,241,236
stn_005,2026-06-22 23:00:00,83,74
stn_004,2026-06-11 6:00:00,198,-184
stn_009,2026-06-08 4:00:00,90,79
stn_001,2026-06-30 12:00:00,76,70
Stn_009,2026-06-04 22:00:00,97,91
stn_009,2026-06-03 17:00:00,372,DEVICE_ERROR
stn_002,2026-06-22 15:00:00,134,114
Stn_006,2026-06-18 3:00:00,69,61
stn_002,2026-06-08 19:00:00,475,496
Stn_002,2026-06-25 1:00:00,83,81
Stn_002,2026-06-28 10:00:00,233,243
stn_003,2026-06-18 16:00:00,232,196
stn_007,2026-06-25 9:00:00,348,311
STN_004,2026-06-02 0:00:00,73,70
STN_005,2026-06-18 4:00:00,95,83
Stn_001,2026-06-28 21:00:00,116,93
STN_006,2026-06-01 14:00:00,83,79
stn_005,2026-06-15 8:00:00,516,490
STN_003,2026-06-05 10:00:00,238,195
stn_010,2026-06-05 8:00:00,462,480
stn_006,2026-06-29 7:00:00,444,455
stn_001,2026-06-03 14:00:00,88,79
STN_006,2026-06-18 16:00:00,268,275
Stn_007,2026-06-21 18:00:00,456,424
stn_008,2026-06-28 10:00:00,224,188
stn_008,2026-06-03 1:00:00,85,69
stn_004,2026-06-04 15:00:00,135,117
stn_010,2026-06-18 23:00:00,70,62
stn_006,2026-06-12 11:00:00,136,138
STN_007,2026-06-22 4:00:00,99,82
STN_009,2026-06-26 10:00:00,245,-219
stn_008,2026-06-24 21:00:00,133,117
stn_005,2026-06-30 4:00:00,75,61
stn_004,2026-06-15 5:00:00,125,123
stn_003,2026-06-15 15:00:00,7,7
STN_008,2026-06-15 2:00:00,75,68
stn_007,2026-06-20 13:00:00,71,61
STN_007,2026-06-04 11:00:00,129,132
STN_009,2026-06-29 14:00:00,84,-70
stn_009,2026-06-14 16:00:00,231,240
STN_008,2026-06-30 21:00:00,141,121
STN_005,2026-06-15 1:00:00,78,78
Stn_010,2026-06-01 22:00:00,98,89
Stn_008,2026-06-17 22:00:00,98,91
stn_007,2026-06-30 1:00:00,-84,79
stn_003,2026-06-02 5:00:00,123,106
STN_008,2026-06-03 0:00:00,82,82
STN_010,2026-06-05 15:00:00,124,125
STN_003,2026-06-10 9:00:00,345,297
Stn_010,2026-06-09 3:00:00,77,75
Stn_006,2026-06-18 22:00:00,84,82
stn_008,2026-06-10 18:00:00,DEVICE_ERROR,488
STN_006,2026-06-15 4:00:00,99,91
stn_008,2026-06-01 10:00:00,245,247
STN_004,2026-06-15 18:00:00,502,451
STN_007,2026-06-15 16:00:00,211,180
STN_001,2026-06-19 7:00:00,386,381
STN_003,2026-06-02 15:00:00,117,119
STN_007,2026-06-29 1:00:00,70,DEVICE_ERROR
stn_004,2026-06-21 9:00:00,444,465
STN_006,2026-06-12 8:00:00,518,463
STN_009,2026-06-22 4:00:00,96,82
stn_010,2026-06-08 21:00:00,120,97
stn_010,2026-06-20 0:00:00,85,74
STN_010,2026-06-27 16:00:00,220,218
STN_006,2026-06-01 2:00:00,86,75
Stn_001,2026-06-16 0:00:00,89,75
STN_002,2026-06-06 1:00:00,75,65
Stn_002,2026-06-11 20:00:00,DEVICE_ERROR,222
stn_001,2026-06-14 6:00:00,225,229
Stn_005,2026-06-15 7:00:00,380,316
STN_001,2026-06-09 22:00:00,82,69
stn_009,2026-06-25 19:00:00,382,347
STN_009,2026-06-23 9:00:00,387,373
Stn_008,2026-06-06 1:00:00,91,81
STN_010,2026-06-23 10:00:00,232,212
STN_008,2026-06-01 8:00:00,469,425
stn_006,2026-06-18 0:00:00,89,87
STN_009,2026-06-03 1:00:00,76,63
stn_001,2026-06-06 13:00:00,80,72
Stn_004,2026-06-29 0:00:00,90,94
stn_006,2026-06-07 13:00:00,86,79
stn_008,2026-06-29 4:00:00,88,74
STN_009,2026-06-10 5:00:00,136,133
stn_010,2026-06-29 18:00:00,592,621
stn_001,2026-06-07 2:00:00,80,83
stn_010,2026-06-10 17:00:00,-467,422
STN_001,2026-06-17 22:00:00,85,71
stn_009,2026-06-20 11:00:00,125,112
STN_007,2026-06-15 1:00:00,83,81
Stn_005,2026-06-06 0:00:00,69,56
stn_010,2026-06-28 4:00:00,78,68
STN_001,2026-06-04 17:00:00,445,418
stn_002,2026-06-22 18:00:00,552,455
STN_003,2026-06-09 11:00:00,-132,118
Stn_006,2026-06-19 14:00:00,92,83
stn_008,2026-06-09 19:00:00,415,433
STN_007,2026-06-21 17:00:00,381,335
Stn_002,2026-06-15 5:00:00,140,-136
stn_008,2026-06-09 22:00:00,78,72
STN_004,2026-06-30 15:00:00,109,-107
STN_007,2026-06-15 17:00:00,376,337
stn_009,2026-06-29 20:00:00,-230,-225
STN_006,2026-06-20 6:00:00,245,228
stn_005,2026-06-15 14:00:00,83,68
Stn_005,2026-06-09 12:00:00,100,-82
STN_001,2026-06-27 22:00:00,90,89
Stn_009,2026-06-15 11:00:00,116,95
stn_006,2026-06-24 17:00:00,391,376
Stn_001,2026-06-03 12:00:00,96,90
Stn_008,2026-06-06 8:00:00,DEVICE_ERROR,520
Stn_006,2026-06-23 2:00:00,82,85
STN_008,2026-06-23 3:00:00,83,74
STN_007,2026-06-29 19:00:00,383,313
stn_002,2026-06-30 9:00:00,346,345
STN_010,2026-06-26 21:00:00,121,109
stn_006,2026-06-06 12:00:00,79,65
stn_004,2026-06-07 22:00:00,86,74
STN_003,2026-06-04 6:00:00,218,198
Stn_001,2026-06-25 22:00:00,96,87
Stn_009,2026-06-22 3:00:00,82,69
STN_003,2026-06-26 21:00:00,130,105
Stn_004,2026-06-06 11:00:00,123,103
stn_008,2026-06-23 18:00:00,582,481
STN_005,2026-06-05 9:00:00,429,427
Stn_001,2026-06-09 14:00:00,86,89
stn_002,2026-06-02 10:00:00,196,197
STN_004,2026-06-15 11:00:00,112,103
stn_003,2026-06-28 13:00:00,81,79
Stn_008,2026-06-19 11:00:00,133,116
STN_008,2026-06-21 12:00:00,81,77
Stn_010,2026-06-20 5:00:00,116,103
STN_001,2026-06-24 22:00:00,81,67
Stn_002,2026-06-08 0:00:00,89,87
STN_009,2026-06-09 4:00:00,81,66
stn_001,2026-06-15 21:00:00,125,110
STN_003,2026-06-09 12:00:00,83,83
stn_010,2026-06-24 18:00:00,537,538
stn_001,2026-06-13 10:00:00,238,195
Stn_007,2026-06-22 11:00:00,116,97
STN_006,2026-06-15 3:00:00,71,68
STN_006,2026-06-30 23:00:00,73,70
stn_001,2026-06-24 16:00:00,247,240
STN_004,2026-06-25 21:00:00,113,108
Stn_002,2026-06-08 8:00:00,501,-408
STN_003,2026-06-30 9:00:00,420,399
stn_007,2026-06-09 7:00:00,450,364
STN_002,2026-06-12 13:00:00,75,74
STN_003,2026-06-16 10:00:00,235,DEVICE_ERROR
stn_002,2026-06-15 23:00:00,90,85
stn_004,2026-06-05 6:00:00,219,223
STN_009,2026-06-15 20:00:00,-264,265
STN_005,2026-06-15 4:00:00,78,81
STN_001,2026-06-05 1:00:00,77,70
Stn_003,2026-06-14 0:00:00,79,68
stn_005,2026-06-26 15:00:00,131,135
STN_003,2026-06-23 3:00:00,72,60
stn_010,2026-06-15 19:00:00,383,398
STN_002,2026-06-16 9:00:00,423,341
STN_001,2026-06-07 21:00:00,129,108
STN_007,2026-06-15 9:00:00,378,316
STN_008,2026-06-21 9:00:00,380,332
Stn_006,2026-06-10 10:00:00,255,222
STN_008,2026-06-28 11:00:00,120,102
stn_001,2026-06-15 19:00:00,478,DEVICE_ERROR
STN_008,2026-06-29 22:00:00,92,77
stn_002,2026-06-02 23:00:00,92,87
STN_001,2026-06-23 8:00:00,551,490
stn_004,2026-06-05 2:00:00,81,80
STN_009,2026-06-01 17:00:00,377,383
STN_004,2026-06-04 1:00:00,73,75
STN_008,2026-06-13 15:00:00,121,114
stn_006,2026-06-11 1:00:00,84,DEVICE_ERROR
Stn_006,2026-06-06 13:00:00,77,70
STN_005,2026-06-20 1:00:00,81,DEVICE_ERROR
STN_010,2026-06-16 15:00:00,128,DEVICE_ERROR
stn_003,2026-06-08 11:00:00,114,109
STN_004,2026-06-19 9:00:00,DEVICE_ERROR,329
STN_004,2026-06-15 13:00:00,70,57
STN_002,2026-06-15 9:00:00,381,320
Stn_006,2026-06-26 12:00:00,DEVICE_ERROR,69
STN_002,2026-06-16 17:00:00,458,378
STN_009,2026-06-24 16:00:00,272,-273
STN_001,2026-06-08 0:00:00,87,77
STN_010,2026-06-19 2:00:00,-84,82
STN_007,2026-06-19 8:00:00,516,532
stn_007,2026-06-30 0:00:00,88,78
stn_006,2026-06-13 18:00:00,551,-533
stn_008,2026-06-12 8:00:00,512,414
stn_007,2026-06-07 11:00:00,107,91
stn_001,2026-06-15 9:00:00,390,378
stn_003,2026-06-04 0:00:00,77,65
STN_004,2026-06-16 14:00:00,94,80
Stn_005,2026-06-15 16:00:00,277,227
stn_010,2026-06-20 1:00:00,82,75
stn_006,2026-06-18 9:00:00,413,344
STN_010,2026-06-15 12:00:00,84,75
STN_008,2026-06-25 0:00:00,DEVICE_ERROR,92
Stn_004,2026-06-03 15:00:00,146,136
STN_001,2026-06-01 3:00:00,85,DEVICE_ERROR
stn_006,2026-06-16 16:00:00,225,181
stn_009,2026-06-28 14:00:00,78,-71
stn_002,2026-06-17 0:00:00,69,60
stn_007,2026-06-06 14:00:00,90,76
stn_003,2026-06-11 12:00:00,100,98
stn_009,2026-06-11 17:00:00,454,368
stn_002,2026-06-28 12:00:00,93,-90
stn_005,2026-06-05 3:00:00,84,70
Stn_005,2026-06-27 13:00:00,93,94
Stn_008,2026-06-12 17:00:00,407,393
STN_009,2026-06-17 23:00:00,84,76
STN_006,2026-06-05 5:00:00,126,117
stn_001,2026-06-04 16:00:00,DEVICE_ERROR,190
STN_008,2026-06-21 7:00:00,403,329
STN_001,2026-06-05 8:00:00,538,447
STN_009,2026-06-09 6:00:00,253,241
Stn_001,2026-06-25 3:00:00,74,61
Stn_005,2026-06-27 18:00:00,513,-414
STN_005,2026-06-13 1:00:00,74,59
STN_001,2026-06-30 20:00:00,239,212
Stn_003,2026-06-15 19:00:00,21,22
STN_004,2026-06-20 16:00:00,216,211
Stn_010,2026-06-07 9:00:00,-407,372
STN_006,2026-06-05 13:00:00,80,82
stn_004,2026-06-14 1:00:00,86,74
stn_006,2026-06-22 3:00:00,-87,79
Stn_004,2026-06-26 23:00:00,87,88
STN_002,2026-06-05 22:00:00,94,80
Stn_009,2026-06-07 18:00:00,489,454
Stn_010,2026-06-10 21:00:00,138,119
stn_006,2026-06-19 13:00:00,80,68
stn_009,2026-06-15 22:00:00,84,80
Stn_002,2026-06-06 19:00:00,378,336
STN_003,2026-06-10 12:00:00,90,78
STN_004,2026-06-07 14:00:00,92,88
stn_002,2026-06-09 1:00:00,DEVICE_ERROR,75
stn_001,2026-06-08 20:00:00,231,DEVICE_ERROR
Stn_007,2026-06-17 6:00:00,DEVICE_ERROR,-179
STN_006,2026-06-26 14:00:00,86,-77
stn_005,2026-06-13 2:00:00,87,-88
stn_004,2026-06-20 11:00:00,126,127
stn_009,2026-06-07 2:00:00,83,83
STN_005,2026-06-29 12:00:00,88,85
STN_001,2026-06-26 22:00:00,91,94
STN_002,2026-06-11 16:00:00,263,258
Stn_007,2026-06-28 16:00:00,268,226
Stn_005,2026-06-22 15:00:00,135,134
Stn_003,2026-06-15 16:00:00,11,11
Stn_003,2026-06-25 5:00:00,-134,110
stn_007,2026-06-11 7:00:00,-365,359
Stn_001,2026-06-04 8:00:00,497,DEVICE_ERROR
stn_010,2026-06-15 5:00:00,119,105
stn_010,2026-06-23 2:00:00,72,63
stn_009,2026-06-03 5:00:00,118,120
Stn_009,2026-06-05 19:00:00,476,469
STN_004,2026-06-30 3:00:00,70,56
STN_003,2026-06-15 12:00:00,94,91
STN_001,2026-06-06 0:00:00,82,86
stn_010,2026-06-28 16:00:00,271,280
stn_008,2026-06-22 22:00:00,75,67
STN_009,2026-06-09 16:00:00,253,247
Stn_003,2026-06-25 9:00:00,-420,381
STN_009,2026-06-20 3:00:00,89,79
STN_009,2026-06-29 18:00:00,589,503
Stn_006,2026-06-05 6:00:00,261,245
stn_001,2026-06-25 23:00:00,DEVICE_ERROR,73
STN_008,2026-06-26 19:00:00,439,452
STN_005,2026-06-15 3:00:00,71,61
STN_006,2026-06-28 12:00:00,95,-91
stn_001,2026-06-09 13:00:00,84,85
STN_001,2026-06-08 5:00:00,122,119
stn_002,2026-06-07 20:00:00,218,199
stn_004,2026-06-18 11:00:00,119,117
STN_007,2026-06-15 3:00:00,75,70
STN_001,2026-06-22 19:00:00,481,409
Stn_005,2026-06-29 1:00:00,88,81
STN_009,2026-06-12 11:00:00,109,94
STN_008,2026-06-15 10:00:00,232,188
stn_001,2026-06-10 18:00:00,606,537
STN_003,2026-06-16 22:00:00,89,85
stn_010,2026-06-03 9:00:00,400,334
Stn_004,2026-06-27 23:00:00,DEVICE_ERROR,64
stn_007,2026-06-13 6:00:00,229,199
stn_009,2026-06-11 15:00:00,145,118
STN_002,2026-06-19 5:00:00,133,119
Stn_006,2026-06-06 18:00:00,490,476
stn_008,2026-06-18 18:00:00,520,420
Stn_003,2026-06-25 13:00:00,88,72
stn_004,2026-06-20 2:00:00,74,70
Stn_009,2026-06-10 2:00:00,87,79
stn_003,2026-06-01 17:00:00,457,407
STN_010,2026-06-27 19:00:00,448,450
STN_004,2026-06-24 5:00:00,132,116
stn_009,2026-06-25 7:00:00,418,372
stn_009,2026-06-10 4:00:00,92,82
Stn_010,2026-06-24 22:00:00,82,84
stn_008,2026-06-08 14:00:00,78,63
stn_004,2026-06-04 4:00:00,80,77
STN_008,2026-06-27 5:00:00,-123,103
stn_007,2026-06-24 1:00:00,88,80
STN_007,2026-06-16 19:00:00,405,345
stn_005,2026-06-19 3:00:00,70,-71
STN_007,2026-06-15 13:00:00,85,83
stn_007,2026-06-17 1:00:00,75,61
STN_001,2026-06-21 23:00:00,88,73
Stn_006,2026-06-27 9:00:00,365,317
stn_002,2026-06-25 9:00:00,378,312
STN_003,2026-06-11 22:00:00,83,79
STN_008,2026-06-01 7:00:00,420,355
stn_006,2026-06-05 14:00:00,81,67
STN_001,2026-06-16 21:00:00,109,96
stn_007,2026-06-02 21:00:00,118,DEVICE_ERROR
STN_010,2026-06-27 12:00:00,82,86
STN_002,2026-06-20 19:00:00,456,409
STN_004,2026-06-15 20:00:00,245,-211
stn_008,2026-06-02 23:00:00,DEVICE_ERROR,64
stn_005,2026-06-15 5:00:00,110,89
stn_003,2026-06-09 22:00:00,83,84
Stn_007,2026-06-30 12:00:00,75,DEVICE_ERROR
STN_001,2026-06-15 15:00:00,110,95
Stn_003,2026-06-13 16:00:00,270,278
Stn_001,2026-06-11 7:00:00,422,386
stn_009,2026-06-19 6:00:00,207,186
Stn_002,2026-06-27 19:00:00,-443,369
STN_010,2026-06-10 19:00:00,-370,378
Stn_005,2026-06-18 7:00:00,344,DEVICE_ERROR
stn_003,2026-06-02 3:00:00,78,78
STN_003,2026-06-13 3:00:00,74,63
stn_001,2026-06-18 14:00:00,90,74
Stn_004,2026-06-19 12:00:00,98,80
STN_003,2026-06-11 10:00:00,257,235
STN_001,2026-06-09 11:00:00,135,116
STN_010,2026-06-15 2:00:00,80,82
stn_005,2026-06-09 10:00:00,222,188
STN_005,2026-06-22 8:00:00,467,377
STN_008,2026-06-19 3:00:00,84,75
Stn_009,2026-06-30 8:00:00,489,436
STN_001,2026-06-13 1:00:00,87,70
Stn_007,2026-06-24 18:00:00,494,496
stn_010,2026-06-14 2:00:00,81,78
stn_002,2026-06-06 22:00:00,100,98
STN_006,2026-06-15 14:00:00,98,DEVICE_ERROR
STN_008,2026-06-07 18:00:00,567,492
Stn_004,2026-06-12 2:00:00,DEVICE_ERROR,81
STN_009,2026-06-16 13:00:00,71,61
Stn_002,2026-06-06 14:00:00,86,87
STN_008,2026-06-04 17:00:00,394,390
STN_001,2026-06-26 18:00:00,481,453
STN_001,2026-06-19 2:00:00,77,-67
Stn_006,2026-06-28 23:00:00,71,61
STN_004,2026-06-14 19:00:00,411,419
stn_010,2026-06-13 0:00:00,75,65
Stn_005,2026-06-03 22:00:00,DEVICE_ERROR,72
STN_002,2026-06-11 6:00:00,255,210
STN_010,2026-06-24 8:00:00,491,396
stn_005,2026-06-14 16:00:00,261,265
STN_009,2026-06-21 20:00:00,272,223
STN_006,2026-06-14 9:00:00,362,299
stn_006,2026-06-10 22:00:00,78,74
stn_003,2026-06-10 17:00:00,425,414
STN_004,2026-06-12 1:00:00,82,75
stn_002,2026-06-26 23:00:00,75,69
STN_007,2026-06-30 3:00:00,70,67
stn_002,2026-06-19 23:00:00,83,80
STN_005,2026-06-28 14:00:00,-84,76
STN_008,2026-06-05 19:00:00,461,473
Stn_005,2026-06-24 20:00:00,269,253
stn_010,2026-06-15 11:00:00,124,124
Stn_003,2026-06-15 17:00:00,19,18
Stn_002,2026-06-22 6:00:00,225,197
STN_001,2026-06-25 10:00:00,-204,206
stn_002,2026-06-24 21:00:00,117,109
STN_009,2026-06-15 21:00:00,113,91
Stn_005,2026-06-19 22:00:00,84,78
stn_004,2026-06-15 10:00:00,228,238
stn_004,2026-06-24 23:00:00,78,67
Stn_002,2026-06-14 8:00:00,408,398
STN_009,2026-06-17 16:00:00,270,249
stn_002,2026-06-20 3:00:00,75,66
STN_009,2026-06-15 2:00:00,92,89
STN_004,2026-06-15 9:00:00,410,362
Stn_005,2026-06-21 16:00:00,247,234
stn_002,2026-06-26 15:00:00,146,132
STN_003,2026-06-09 6:00:00,222,DEVICE_ERROR
stn_008,2026-06-19 13:00:00,74,69
Stn_007,2026-06-05 7:00:00,397,416
STN_005,2026-06-28 18:00:00,-525,506
stn_010,2026-06-06 13:00:00,77,76
stn_007,2026-06-25 10:00:00,230,188
STN_010,2026-06-04 11:00:00,126,101
STN_002,2026-06-10 23:00:00,84,87
Stn_009,2026-06-28 11:00:00,126,112
stn_008,2026-06-25 13:00:00,90,73
STN_005,2026-06-04 15:00:00,141,131
STN_004,2026-06-27 8:00:00,506,474
stn_008,2026-06-23 9:00:00,343,275
Stn_010,2026-06-01 20:00:00,242,201
STN_002,2026-06-24 5:00:00,122,109
stn_001,2026-06-30 2:00:00,78,63
STN_001,2026-06-24 13:00:00,75,71
stn_001,2026-06-07 12:00:00,83,84
stn_005,2026-06-09 9:00:00,357,311
stn_010,2026-06-11 1:00:00,75,72
STN_006,2026-06-16 0:00:00,86,80
stn_005,2026-06-24 19:00:00,466,467
STN_001,2026-06-18 19:00:00,471,485
Stn_007,2026-06-14 7:00:00,441,428
stn_008,2026-06-29 0:00:00,83,70
STN_005,2026-06-14 11:00:00,128,103
Stn_010,2026-06-02 22:00:00,82,72
STN_008,2026-06-18 1:00:00,82,68
STN_005,2026-06-13 14:00:00,94,77
stn_008,2026-06-09 6:00:00,222,DEVICE_ERROR
STN_006,2026-06-09 16:00:00,244,222
Stn_004,2026-06-02 13:00:00,86,83
STN_008,2026-06-12 9:00:00,399,331
Stn_005,2026-06-18 3:00:00,84,84
STN_004,2026-06-07 12:00:00,77,72
Stn_007,2026-06-15 22:00:00,93,89
stn_009,2026-06-25 18:00:00,457,377
stn_005,2026-06-02 0:00:00,84,79
stn_005,2026-06-26 17:00:00,412,401
stn_005,2026-06-06 17:00:00,434,357
STN_002,2026-06-01 0:00:00,84,77
STN_009,2026-06-13 19:00:00,470,466
stn_009,2026-06-15 15:00:00,134,120
stn_003,2026-06-15 0:00:00,83,68
Stn_007,2026-06-26 12:00:00,75,75
stn_006,2026-06-08 4:00:00,93,-97
Stn_002,2026-06-09 15:00:00,145,122
stn_005,2026-06-22 7:00:00,431,440
STN_008,2026-06-05 20:00:00,213,194
stn_003,2026-06-15 21:00:00,145,-123
STN_008,2026-06-30 5:00:00,117,110
stn_006,2026-06-20 16:00:00,226,216
stn_004,2026-06-13 23:00:00,87,83
stn_002,2026-06-30 20:00:00,251,211
stn_005,2026-06-28 16:00:00,262,224
STN_007,2026-06-30 6:00:00,249,261
stn_010,2026-06-13 11:00:00,114,111
Stn_009,2026-06-23 12:00:00,DEVICE_ERROR,74
stn_001,2026-06-19 3:00:00,84,86
STN_003,2026-06-30 15:00:00,132,-116
STN_007,2026-06-25 7:00:00,370,315
Stn_005,2026-06-06 12:00:00,84,86
Stn_005,2026-06-27 0:00:00,78,68
Stn_005,2026-06-14 18:00:00,556,449
Stn_001,2026-06-16 8:00:00,511,501
Stn_007,2026-06-15 10:00:00,196,165
STN_003,2026-06-21 14:00:00,97,81
STN_010,2026-06-03 18:00:00,470,470
stn_002,2026-06-20 22:00:00,92,87
STN_003,2026-06-24 16:00:00,223,183
STN_005,2026-06-02 10:00:00,211,-217
stn_003,2026-06-21 4:00:00,87,87
stn_004,2026-06-29 13:00:00,90,87
STN_007,2026-06-08 3:00:00,74,74
STN_002,2026-06-28 22:00:00,82,82
stn_010,2026-06-01 3:00:00,-71,69
stn_008,2026-06-22 19:00:00,400,410
Stn_008,2026-06-11 8:00:00,550,-461
stn_003,2026-06-12 22:00:00,91,95
STN_007,2026-06-04 19:00:00,458,383
STN_009,2026-06-02 22:00:00,78,75
STN_007,2026-06-24 13:00:00,85,78
STN_003,2026-06-24 4:00:00,93,79
stn_005,2026-06-18 14:00:00,87,90
STN_010,2026-06-03 3:00:00,74,77
stn_003,2026-06-27 11:00:00,133,107
stn_009,2026-06-10 3:00:00,69,56
STN_008,2026-06-23 8:00:00,468,422
STN_004,2026-06-01 7:00:00,DEVICE_ERROR,304
stn_001,2026-06-08 12:00:00,95,85
STN_002,2026-06-20 16:00:00,-282,280
STN_008,2026-06-05 17:00:00,461,471
stn_002,2026-06-24 4:00:00,77,-77
STN_002,2026-06-08 17:00:00,472,444
STN_010,2026-06-22 7:00:00,445,382
stn_002,2026-06-13 21:00:00,138,124
stn_002,2026-06-12 12:00:00,88,81
stn_006,2026-06-01 11:00:00,112,97
Stn_010,2026-06-29 5:00:00,108,101
STN_006,2026-06-15 6:00:00,255,262
STN_006,2026-06-04 11:00:00,123,120
stn_004,2026-06-21 12:00:00,96,83
stn_005,2026-06-06 9:00:00,363,332
STN_004,2026-06-10 9:00:00,435,422
stn_010,2026-06-19 20:00:00,260,268
STN_007,2026-06-12 21:00:00,114,108
STN_003,2026-06-30 21:00:00,110,105
STN_007,2026-06-17 2:00:00,68,61
STN_007,2026-06-06 23:00:00,DEVICE_ERROR,62
STN_005,2026-06-11 23:00:00,84,81
STN_005,2026-06-03 18:00:00,525,484
Stn_008,2026-06-17 12:00:00,76,65
stn_001,2026-06-07 1:00:00,80,77
stn_004,2026-06-02 16:00:00,256,249
STN_009,2026-06-01 3:00:00,72,67
stn_009,2026-06-08 0:00:00,DEVICE_ERROR,67
stn_006,2026-06-03 22:00:00,84,76
STN_006,2026-06-13 10:00:00,237,227
STN_005,2026-06-26 18:00:00,554,536
stn_005,2026-06-19 14:00:00,94,82
STN_002,2026-06-21 7:00:00,336,350
STN_009,2026-06-17 5:00:00,111,-89
Stn_010,2026-06-24 2:00:00,70,62
STN_004,2026-06-09 3:00:00,DEVICE_ERROR,66
STN_008,2026-06-15 1:00:00,88,91
stn_010,2026-06-03 23:00:00,77,72
stn_009,2026-06-15 5:00:00,104,88
STN_007,2026-06-15 14:00:00,83,78
STN_008,2026-06-13 8:00:00,443,403
Stn_002,2026-06-15 22:00:00,100,97
stn_009,2026-06-24 18:00:00,555,463
STN_009,2026-06-09 0:00:00,-78,64
stn_008,2026-06-06 13:00:00,93,80
stn_001,2026-06-24 1:00:00,77,76
stn_004,2026-06-30 12:00:00,99,103
Stn_001,2026-06-22 13:00:00,82,72
STN_006,2026-06-30 7:00:00,409,390
stn_006,2026-06-15 22:00:00,88,88
STN_001,2026-06-11 3:00:00,91,80
STN_004,2026-06-21 13:00:00,74,59
STN_001,2026-06-05 7:00:00,386,309
Stn_005,2026-06-20 8:00:00,493,484
Stn_010,2026-06-15 1:00:00,81,77
stn_004,2026-06-22 10:00:00,231,198
STN_003,2026-06-06 4:00:00,94,93
Stn_003,2026-06-08 19:00:00,380,343
stn_004,2026-06-29 6:00:00,258,261
STN_003,2026-06-15 18:00:00,25,25
stn_002,2026-06-06 6:00:00,251,223
STN_002,2026-06-08 20:00:00,279,283
stn_001,2026-06-12 4:00:00,79,65
STN_002,2026-06-07 18:00:00,462,377
Stn_005,2026-06-10 12:00:00,88,75
stn_006,2026-06-21 12:00:00,89,91
STN_001,2026-06-04 7:00:00,409,-343
STN_010,2026-06-29 15:00:00,108,88
stn_004,2026-06-11 8:00:00,DEVICE_ERROR,415
STN_007,2026-06-16 8:00:00,511,516
Stn_010,2026-06-28 0:00:00,DEVICE_ERROR,78
STN_002,2026-06-18 9:00:00,403,412
Stn_005,2026-06-21 13:00:00,89,84
STN_004,2026-06-28 18:00:00,571,503
STN_010,2026-06-15 7:00:00,447,373
STN_010,2026-06-05 7:00:00,341,336
STN_003,2026-06-22 22:00:00,97,85
STN_007,2026-06-08 22:00:00,90,74
STN_005,2026-06-19 21:00:00,DEVICE_ERROR,103
STN_005,2026-06-17 0:00:00,88,74
STN_003,2026-06-07 20:00:00,254,254
STN_002,2026-06-16 20:00:00,262,245
STN_008,2026-06-02 18:00:00,553,567
STN_002,2026-06-03 1:00:00,87,80
STN_007,2026-06-29 18:00:00,484,436
STN_008,2026-06-14 5:00:00,115,101
STN_010,2026-06-06 5:00:00,DEVICE_ERROR,108
STN_007,2026-06-24 17:00:00,389,389
stn_004,2026-06-12 14:00:00,85,83
STN_010,2026-06-30 15:00:00,134,119
Stn_001,2026-06-15 5:00:00,DEVICE_ERROR,102
STN_005,2026-06-04 22:00:00,85,82
stn_001,2026-06-15 17:00:00,399,414
stn_004,2026-06-03 9:00:00,412,419
Stn_008,2026-06-21 0:00:00,71,65
STN_001,2026-06-20 21:00:00,122,112
STN_005,2026-06-28 6:00:00,243,211
STN_010,2026-06-23 13:00:00,92,80
STN_001,2026-06-16 15:00:00,127,118
stn_002,2026-06-15 1:00:00,84,79
STN_009,2026-06-12 13:00:00,81,67
STN_009,2026-06-18 12:00:00,100,93
STN_010,2026-06-14 16:00:00,253,206
STN_001,2026-06-23 12:00:00,90,77
stn_002,2026-06-01 10:00:00,218,-195
Stn_008,2026-06-27 7:00:00,346,301
STN_006,2026-06-16 10:00:00,259,DEVICE_ERROR
STN_008,2026-06-05 2:00:00,81,68
STN_007,2026-06-27 2:00:00,80,71
stn_009,2026-06-05 18:00:00,505,469
stn_006,2026-06-13 17:00:00,446,359
stn_005,2026-06-11 13:00:00,91,89
stn_004,2026-06-15 3:00:00,69,66
STN_004,2026-06-24 21:00:00,127,117
stn_002,2026-06-03 15:00:00,125,114
stn_004,2026-06-17 20:00:00,242,252
stn_004,2026-06-06 15:00:00,132,125
stn_010,2026-06-15 23:00:00,92,82
STN_007,2026-06-14 15:00:00,127,121
STN_006,2026-06-22 11:00:00,113,107
stn_008,2026-06-28 23:00:00,82,83
STN_002,2026-06-15 10:00:00,216,-214
stn_006,2026-06-18 23:00:00,72,70
STN_006,2026-06-12 12:00:00,83,-69
Stn_006,2026-06-04 16:00:00,246,223
STN_007,2026-06-19 13:00:00,92,82
stn_007,2026-06-23 9:00:00,391,384
stn_007,2026-06-03 13:00:00,90,84
STN_001,2026-06-20 17:00:00,423,434
Stn_003,2026-06-28 7:00:00,395,384
STN_006,2026-06-11 18:00:00,603,616
stn_007,2026-06-09 1:00:00,83,82
Stn_006,2026-06-29 2:00:00,69,63
stn_010,2026-06-10 18:00:00,530,517
STN_003,2026-06-04 7:00:00,430,380
STN_002,2026-06-25 3:00:00,90,77
STN_001,2026-06-15 3:00:00,80,78
stn_009,2026-06-07 8:00:00,-429,435
Stn_007,2026-06-02 8:00:00,449,409
STN_003,2026-06-29 7:00:00,347,339
STN_009,2026-06-19 18:00:00,569,493
Stn_007,2026-06-03 5:00:00,128,111
stn_010,2026-06-07 22:00:00,DEVICE_ERROR,67
STN_008,2026-06-27 13:00:00,81,77
STN_010,2026-06-08 16:00:00,225,193
stn_008,2026-06-15 5:00:00,137,-128
STN_002,2026-06-12 9:00:00,405,419
Stn_008,2026-06-15 21:00:00,114,110
STN_009,2026-06-28 19:00:00,414,388
stn_005,2026-06-19 0:00:00,85,76
stn_005,2026-06-08 18:00:00,475,476
stn_003,2026-06-10 7:00:00,447,435
stn_010,2026-06-03 21:00:00,127,122
Stn_006,2026-06-07 0:00:00,72,61
STN_007,2026-06-10 6:00:00,196,DEVICE_ERROR
stn_006,2026-06-15 19:00:00,484,502
STN_002,2026-06-26 18:00:00,484,464
STN_003,2026-06-19 5:00:00,131,109
STN_002,2026-06-25 4:00:00,90,82
STN_010,2026-06-26 12:00:00,-80,78
STN_007,2026-06-14 16:00:00,277,DEVICE_ERROR
stn_007,2026-06-15 23:00:00,79,68
STN_003,2026-06-21 0:00:00,74,61
STN_001,2026-06-20 3:00:00,90,79
Stn_001,2026-06-12 19:00:00,-451,386
Stn_004,2026-06-03 21:00:00,112,94
STN_001,2026-06-23 3:00:00,92,95
stn_006,2026-06-21 21:00:00,109,108
stn_002,2026-06-15 0:00:00,73,75
stn_001,2026-06-08 4:00:00,84,74
STN_007,2026-06-11 0:00:00,88,89
stn_002,2026-06-21 22:00:00,78,DEVICE_ERROR
Stn_004,2026-06-14 8:00:00,493,481
stn_008,2026-06-24 7:00:00,405,361
stn_003,2026-06-11 15:00:00,140,116
Stn_010,2026-06-05 2:00:00,78,69
Stn_004,2026-06-15 19:00:00,487,438
stn_004,2026-06-23 4:00:00,96,80
Stn_004,2026-06-29 20:00:00,273,264
stn_005,2026-06-02 20:00:00,227,188
STN_007,2026-06-01 22:00:00,DEVICE_ERROR,99
STN_008,2026-06-27 11:00:00,130,123
STN_009,2026-06-29 21:00:00,134,134
STN_002,2026-06-03 23:00:00,88,91
Stn_006,2026-06-15 13:00:00,81,68
stn_003,2026-06-24 0:00:00,75,70
Stn_007,2026-06-27 15:00:00,136,128
STN_007,2026-06-28 7:00:00,406,329
Stn_002,2026-06-20 17:00:00,428,344
STN_008,2026-06-22 5:00:00,105,100
Stn_008,2026-06-03 5:00:00,133,124
Stn_001,2026-06-13 20:00:00,276,224
STN_009,2026-06-05 14:00:00,DEVICE_ERROR,72
STN_010,2026-06-30 10:00:00,234,209
STN_004,2026-06-23 7:00:00,447,435
STN_003,2026-06-29 21:00:00,117,96
stn_007,2026-06-15 6:00:00,204,202
STN_007,2026-06-23 15:00:00,126,128
STN_010,2026-06-13 12:00:00,97,78
stn_010,2026-06-14 22:00:00,86,70
STN_009,2026-06-06 1:00:00,-83,87
Stn_001,2026-06-30 13:00:00,75,61
stn_006,2026-06-10 5:00:00,127,-133
Stn_005,2026-06-15 12:00:00,80,78
stn_002,2026-06-29 7:00:00,374,357
STN_003,2026-06-22 7:00:00,385,-329
stn_003,2026-06-24 13:00:00,72,68
stn_008,2026-06-19 2:00:00,76,78
Stn_006,2026-06-17 19:00:00,434,415
STN_007,2026-06-08 13:00:00,88,DEVICE_ERROR
stn_003,2026-06-07 12:00:00,79,64
Stn_007,2026-06-26 22:00:00,82,79
STN_006,2026-06-06 14:00:00,83,69
STN_001,2026-06-26 21:00:00,122,113
Stn_001,2026-06-27 19:00:00,402,331
STN_001,2026-06-22 15:00:00,126,106
stn_007,2026-06-14 1:00:00,90,89
Stn_004,2026-06-16 22:00:00,98,98
STN_006,2026-06-15 16:00:00,246,247
STN_007,2026-06-28 11:00:00,129,131
STN_001,2026-06-20 10:00:00,256,DEVICE_ERROR
STN_007,2026-06-15 4:00:00,82,76
STN_003,2026-06-15 22:00:00,90,81
Stn_009,2026-06-29 9:00:00,387,388
STN_006,2026-06-16 17:00:00,397,387
stn_005,2026-06-06 15:00:00,132,134
stn_006,2026-06-29 4:00:00,77,70
STN_004,2026-06-06 3:00:00,79,79
STN_003,2026-06-23 9:00:00,367,DEVICE_ERROR
STN_004,2026-06-20 19:00:00,-408,339
STN_009,2026-06-26 19:00:00,433,350
STN_008,2026-06-03 15:00:00,124,-110
stn_003,2026-06-01 0:00:00,91,93
Stn_008,2026-06-29 14:00:00,-88,85
STN_009,2026-06-03 8:00:00,438,396
Stn_009,2026-06-11 8:00:00,546,541
STN_005,2026-06-27 15:00:00,136,125
STN_004,2026-06-05 4:00:00,75,76
stn_004,2026-06-18 13:00:00,76,62
STN_003,2026-06-21 5:00:00,114,99
STN_003,2026-06-15 13:00:00,93,81
STN_003,2026-06-12 2:00:00,78,75
STN_004,2026-06-05 1:00:00,92,80
stn_001,2026-06-15 4:00:00,84,79
STN_002,2026-06-15 3:00:00,87,82
stn_008,2026-06-17 5:00:00,120,-100
STN_004,2026-06-03 2:00:00,79,79
STN_003,2026-06-15 5:00:00,DEVICE_ERROR,114
STN_004,2026-06-28 4:00:00,91,-77
STN_002,2026-06-10 14:00:00,85,87
STN_008,2026-06-15 14:00:00,85,88
STN_002,2026-06-23 15:00:00,130,136
STN_004,2026-06-18 21:00:00,139,133
STN_005,2026-06-17 1:00:00,85,79
STN_004,2026-06-10 3:00:00,81,73
stn_004,2026-06-03 5:00:00,107,109
STN_007,2026-06-26 3:00:00,93,97
STN_009,2026-06-09 8:00:00,525,489
STN_008,2026-06-04 10:00:00,241,193
stn_001,2026-06-13 15:00:00,119,110
Stn_002,2026-06-14 0:00:00,83,68
STN_004,2026-06-26 16:00:00,254,218
Stn_006,2026-06-15 18:00:00,462,431
stn_009,2026-06-07 4:00:00,98,96
Stn_005,2026-06-06 4:00:00,78,65
stn_002,2026-06-16 7:00:00,DEVICE_ERROR,389
stn_010,2026-06-05 21:00:00,119,104
STN_008,2026-06-18 23:00:00,81,83
STN_009,2026-06-16 5:00:00,109,91
stn_005,2026-06-01 9:00:00,442,369
STN_007,2026-06-28 17:00:00,439,354
stn_010,2026-06-12 2:00:00,92,83
stn_009,2026-06-23 4:00:00,93,92
STN_003,2026-06-04 2:00:00,88,83
STN_004,2026-06-08 5:00:00,112,100
stn_006,2026-06-10 14:00:00,76,73
STN_005,2026-06-15 10:00:00,234,DEVICE_ERROR
STN_004,2026-06-09 23:00:00,74,73
Stn_001,2026-06-11 19:00:00,478,417
STN_004,2026-06-17 9:00:00,369,307
stn_002,2026-06-17 21:00:00,115,104
Stn_005,2026-06-27 23:00:00,77,78
stn_001,2026-06-15 6:00:00,235,217
STN_001,2026-06-01 8:00:00,412,419
STN_010,2026-06-16 10:00:00,226,222
STN_002,2026-06-18 17:00:00,455,458
stn_008,2026-06-08 18:00:00,493,477
Stn_004,2026-06-06 9:00:00,393,-404
stn_001,2026-06-01 22:00:00,90,81
stn_008,2026-06-04 2:00:00,86,81
stn_007,2026-06-20 15:00:00,141,117
stn_002,2026-06-10 4:00:00,82,74
STN_009,2026-06-04 7:00:00,388,376
Stn_007,2026-06-01 16:00:00,239,224
stn_001,2026-06-10 13:00:00,73,69
Stn_001,2026-06-05 3:00:00,91,92
STN_003,2026-06-15 10:00:00,225,208
STN_007,2026-06-16 20:00:00,223,198
stn_003,2026-06-03 16:00:00,278,234
stn_007,2026-06-17 9:00:00,429,361
Stn_010,2026-06-26 13:00:00,83,74
Stn_010,2026-06-23 7:00:00,354,325
STN_007,2026-06-15 20:00:00,246,212
STN_009,2026-06-14 1:00:00,77,75
STN_005,2026-06-08 8:00:00,DEVICE_ERROR,424
stn_001,2026-06-15 2:00:00,DEVICE_ERROR,71
Stn_003,2026-06-28 0:00:00,71,73
stn_004,2026-06-21 18:00:00,516,529
stn_010,2026-06-17 7:00:00,375,330
stn_002,2026-06-28 6:00:00,194,167
STN_007,2026-06-10 23:00:00,78,81
STN_002,2026-06-27 3:00:00,89,93
STN_005,2026-06-30 23:00:00,69,65
Stn_001,2026-06-12 5:00:00,107,86
Stn_003,2026-06-08 20:00:00,269,262
STN_007,2026-06-28 8:00:00,434,379
STN_003,2026-06-07 13:00:00,-75,61
STN_004,2026-06-22 15:00:00,118,106
STN_006,2026-06-15 5:00:00,139,144
STN_010,2026-06-17 13:00:00,-85,79
STN_003,2026-06-06 8:00:00,479,-427
stn_007,2026-06-26 14:00:00,97,96
STN_004,2026-06-08 16:00:00,DEVICE_ERROR,225
STN_009,2026-06-16 22:00:00,85,-76
STN_004,2026-06-06 7:00:00,350,328
STN_007,2026-06-05 23:00:00,75,71
Stn_006,2026-06-12 4:00:00,91,90
STN_009,2026-06-22 2:00:00,91,87
STN_001,2026-06-08 16:00:00,258,252
stn_010,2026-06-10 4:00:00,91,92
Stn_004,2026-06-30 19:00:00,478,395
Stn_004,2026-06-11 14:00:00,95,90
STN_008,2026-06-24 20:00:00,256,235
STN_009,2026-06-15 1:00:00,85,79
stn_008,2026-06-04 22:00:00,83,72
Stn_005,2026-06-16 17:00:00,472,465
stn_010,2026-06-19 10:00:00,221,229
STN_005,2026-06-29 5:00:00,109,113
STN_002,2026-06-02 0:00:00,86,70
STN_005,2026-06-01 0:00:00,89,72
Stn_005,2026-06-03 7:00:00,429,375
STN_010,2026-06-09 9:00:00,408,346
Stn_006,2026-06-14 8:00:00,477,485
STN_005,2026-06-17 18:00:00,473,420
STN_005,2026-06-02 3:00:00,72,62
Stn_009,2026-06-25 17:00:00,457,477
stn_001,2026-06-24 15:00:00,114,-94
stn_008,2026-06-27 20:00:00,216,221
Stn_001,2026-06-28 1:00:00,69,56
STN_007,2026-06-20 10:00:00,250,243
Stn_009,2026-06-16 15:00:00,DEVICE_ERROR,142
stn_001,2026-06-07 10:00:00,220,189
Stn_006,2026-06-25 11:00:00,139,117
Stn_009,2026-06-18 17:00:00,387,364
STN_008,2026-06-15 18:00:00,556,-533
stn_008,2026-06-15 22:00:00,77,68
STN_005,2026-06-20 3:00:00,-89,72
Stn_004,2026-06-20 4:00:00,DEVICE_ERROR,82
stn_010,2026-06-19 14:00:00,84,71
stn_001,2026-06-12 23:00:00,69,63
stn_001,2026-06-07 13:00:00,82,72
STN_003,2026-06-02 21:00:00,113,108
STN_005,2026-06-01 15:00:00,122,116
STN_007,2026-06-21 21:00:00,116,108
stn_008,2026-06-09 18:00:00,580,530
STN_003,2026-06-28 15:00:00,122,99
STN_010,2026-06-01 13:00:00,75,77
STN_007,2026-06-11 9:00:00,412,378
Stn_001,2026-06-06 9:00:00,425,425
STN_010,2026-06-12 18:00:00,543,462
Stn_005,2026-06-11 0:00:00,88,72
stn_002,2026-06-01 2:00:00,DEVICE_ERROR,DEVICE_ERROR
Stn_004,2026-06-14 20:00:00,210,183
Stn_009,2026-06-15 17:00:00,392,-371
STN_007,2026-06-06 9:00:00,396,371
STN_008,2026-06-01 20:00:00,265,264
STN_005,2026-06-22 5:00:00,116,100
STN_008,2026-06-02 19:00:00,381,334
stn_009,2026-06-06 6:00:00,200,-182
Stn_010,2026-06-04 15:00:00,118,109
Stn_006,2026-06-04 9:00:00,427,395
Stn_007,2026-06-18 15:00:00,134,133
STN_008,2026-06-30 19:00:00,397,380
STN_003,2026-06-14 1:00:00,91,86
stn_006,2026-06-16 9:00:00,341,345
Stn_002,2026-06-24 2:00:00,73,61
Stn_006,2026-06-25 17:00:00,451,379
Stn_008,2026-06-09 8:00:00,447,387
stn_009,2026-06-04 21:00:00,135,119
stn_008,2026-06-11 11:00:00,126,-121
stn_009,2026-06-22 12:00:00,78,81
STN_009,2026-06-09 21:00:00,143,118
STN_009,2026-06-22 23:00:00,83,80
STN_001,2026-06-11 8:00:00,514,431
STN_003,2026-06-29 14:00:00,85,88
STN_010,2026-06-15 18:00:00,485,466
STN_005,2026-06-19 23:00:00,-81,69
stn_001,2026-06-02 1:00:00,70,65
STN_006,2026-06-26 11:00:00,109,114
stn_006,2026-06-02 15:00:00,137,130
Stn_002,2026-06-12 3:00:00,76,67
Stn_007,2026-06-05 20:00:00,262,241
Stn_004,2026-06-16 20:00:00,248,200
STN_010,2026-06-06 15:00:00,128,133
Stn_007,2026-06-16 3:00:00,75,71
stn_003,2026-06-17 23:00:00,75,-66
stn_001,2026-06-15 7:00:00,418,393
Stn_008,2026-06-20 11:00:00,125,112
stn_009,2026-06-02 11:00:00,136,DEVICE_ERROR
Stn_008,2026-06-01 1:00:00,72,72
Stn_001,2026-06-03 17:00:00,391,327
stn_005,2026-06-04 4:00:00,75,78
STN_009,2026-06-01 20:00:00,232,185
stn_001,2026-06-10 23:00:00,75,64
STN_002,2026-06-02 13:00:00,80,71
stn_008,2026-06-16 8:00:00,419,365
stn_006,2026-06-23 6:00:00,200,183
stn_001,2026-06-04 15:00:00,-113,116
STN_003,2026-06-03 19:00:00,476,438
Stn_003,2026-06-15 11:00:00,111,114
STN_003,2026-06-14 20:00:00,277,283
stn_003,2026-06-03 0:00:00,69,57
stn_004,2026-06-02 9:00:00,401,389
Stn_005,2026-06-23 3:00:00,77,71
stn_001,2026-06-10 3:00:00,71,DEVICE_ERROR
Stn_005,2026-06-27 8:00:00,482,-464
STN_006,2026-06-15 23:00:00,82,70
stn_008,2026-06-03 8:00:00,464,434
stn_002,2026-06-05 17:00:00,396,365
STN_005,2026-06-08 14:00:00,-82,77
Stn_008,2026-06-26 11:00:00,118,-121
stn_001,2026-06-15 18:00:00,581,579
stn_009,2026-06-24 1:00:00,88,-86
STN_007,2026-06-02 14:00:00,85,83
STN_006,2026-06-30 10:00:00,211,183
Stn_003,2026-06-13 23:00:00,-76,62
Stn_007,2026-06-18 17:00:00,491,502
Stn_008,2026-06-02 1:00:00,82,87
STN_003,2026-06-08 16:00:00,212,210
STN_003,2026-06-02 8:00:00,-438,394
STN_006,2026-06-27 15:00:00,129,129
STN_009,2026-06-17 4:00:00,96,99
stn_004,2026-06-15 6:00:00,198,159
stn_005,2026-06-26 0:00:00,83,77
STN_006,2026-06-25 15:00:00,124,DEVICE_ERROR
STN_008,2026-06-24 11:00:00,136,137
stn_008,2026-06-13 2:00:00,76,66
STN_007,2026-06-15 5:00:00,130,128
STN_005,2026-06-07 19:00:00,492,442
STN_010,2026-06-04 3:00:00,81,80
stn_009,2026-06-22 7:00:00,362,307
stn_005,2026-06-05 10:00:00,227,194
stn_006,2026-06-17 22:00:00,96,79
STN_010,2026-06-02 19:00:00,-467,461
STN_002,2026-06-30 5:00:00,124,DEVICE_ERROR
STN_003,2026-06-12 8:00:00,540,560
STN_002,2026-06-05 20:00:00,281,283
STN_006,2026-06-30 17:00:00,477,383
STN_010,2026-06-30 6:00:00,201,-210
STN_006,2026-06-02 21:00:00,120,106
STN_006,2026-06-01 15:00:00,126,112
STN_002,2026-06-22 11:00:00,114,98
Stn_006,2026-06-25 8:00:00,482,390
stn_005,2026-06-08 20:00:00,214,176
stn_010,2026-06-12 10:00:00,205,188
stn_009,2026-06-18 5:00:00,117,-123
STN_001,2026-06-23 6:00:00,232,243
stn_001,2026-06-01 1:00:00,69,73
STN_007,2026-06-20 17:00:00,386,361
stn_004,2026-06-16 17:00:00,-492,433
STN_005,2026-06-16 20:00:00,282,238
STN_006,2026-06-20 9:00:00,341,301
stn_004,2026-06-02 14:00:00,88,82
STN_003,2026-06-19 8:00:00,DEVICE_ERROR,425
Stn_003,2026-06-12 21:00:00,126,123
STN_010,2026-06-21 4:00:00,79,76
STN_009,2026-06-15 14:00:00,78,75
STN_009,2026-06-13 13:00:00,83,83
Stn_009,2026-06-30 23:00:00,85,84
STN_001,2026-06-19 17:00:00,386,327
STN_001,2026-06-24 17:00:00,381,392
STN_006,2026-06-22 12:00:00,94,98
Stn_008,2026-06-07 15:00:00,137,111
stn_006,2026-06-26 10:00:00,237,203
STN_004,2026-06-19 20:00:00,222,211
Stn_001,2026-06-21 14:00:00,86,73
STN_008,2026-06-02 13:00:00,72,70
STN_005,2026-06-12 17:00:00,421,394
stn_006,2026-06-19 11:00:00,132,116
STN_008,2026-06-14 14:00:00,97,80
STN_001,2026-06-02 7:00:00,427,-413
STN_001,2026-06-15 12:00:00,86,81
stn_004,2026-06-20 0:00:00,74,68
stn_008,2026-06-04 8:00:00,447,413
STN_005,2026-06-03 12:00:00,100,97
stn_002,2026-06-16 8:00:00,511,DEVICE_ERROR
STN_003,2026-06-07 4:00:00,91,81
STN_005,2026-06-21 6:00:00,-207,187
STN_001,2026-06-17 9:00:00,443,DEVICE_ERROR
STN_002,2026-06-28 11:00:00,108,89
stn_002,2026-06-27 0:00:00,77,80
STN_006,2026-06-29 9:00:00,415,393
STN_010,2026-06-18 10:00:00,212,DEVICE_ERROR
stn_002,2026-06-01 9:00:00,DEVICE_ERROR,400
STN_005,2026-06-08 22:00:00,84,70
STN_009,2026-06-12 1:00:00,85,82
STN_003,2026-06-05 18:00:00,523,505
STN_002,2026-06-15 18:00:00,525,469
STN_005,2026-06-07 22:00:00,81,-68
stn_003,2026-06-15 20:00:00,231,207
stn_004,2026-06-15 12:00:00,91,76
STN_007,2026-06-30 22:00:00,86,69
STN_001,2026-06-27 15:00:00,-124,110
STN_007,2026-06-08 17:00:00,439,417
Stn_004,2026-06-27 5:00:00,120,118
stn_005,2026-06-17 14:00:00,92,88
STN_005,2026-06-15 22:00:00,90,90
STN_004,2026-06-09 6:00:00,DEVICE_ERROR,247
STN_004,2026-06-13 2:00:00,78,75
STN_006,2026-06-28 11:00:00,119,111
STN_002,2026-06-15 4:00:00,99,103
Stn_002,2026-06-13 22:00:00,79,72
STN_010,2026-06-09 21:00:00,144,119
STN_001,2026-06-18 3:00:00,73,73
STN_007,2026-06-12 8:00:00,489,472
STN_002,2026-06-23 0:00:00,85,72
STN_007,2026-06-20 18:00:00,494,423
STN_001,2026-06-17 23:00:00,74,72
Stn_008,2026-06-15 23:00:00,89,89
STN_003,2026-06-07 1:00:00,73,64
STN_002,2026-06-12 4:00:00,86,83
STN_002,2026-06-23 13:00:00,72,DEVICE_ERROR
stn_010,2026-06-06 11:00:00,134,111
STN_006,2026-06-15 7:00:00,438,440
stn_001,2026-06-14 8:00:00,432,373
Stn_003,2026-06-13 11:00:00,131,106
Stn_009,2026-06-15 3:00:00,83,75
stn_006,2026-06-15 10:00:00,195,161
STN_002,2026-06-23 4:00:00,97,85
Stn_006,2026-06-22 6:00:00,239,222
stn_001,2026-06-30 7:00:00,369,357
stn_006,2026-06-22 21:00:00,146,140
Stn_010,2026-06-25 12:00:00,84,83
stn_004,2026-06-26 5:00:00,114,94
STN_007,2026-06-18 5:00:00,105,88
stn_002,2026-06-15 21:00:00,129,124
STN_004,2026-06-02 8:00:00,463,382
STN_006,2026-06-17 7:00:00,345,286
STN_006,2026-06-14 12:00:00,98,86
stn_002,2026-06-19 14:00:00,97,95
STN_002,2026-06-12 17:00:00,384,354
stn_003,2026-06-23 22:00:00,99,80
STN_010,2026-06-01 19:00:00,422,411
STN_003,2026-06-03 8:00:00,420,364
stn_001,2026-06-17 0:00:00,69,57
stn_004,2026-06-15 21:00:00,108,111
STN_009,2026-06-25 3:00:00,88,76
STN_008,2026-06-14 3:00:00,79,78
stn_003,2026-06-18 13:00:00,74,63
STN_005,2026-06-09 7:00:00,396,349
STN_009,2026-06-27 0:00:00,82,80
STN_008,2026-06-06 21:00:00,132,-135
stn_005,2026-06-07 14:00:00,82,68
stn_008,2026-06-15 16:00:00,232,217
stn_003,2026-06-15 6:00:00,214,185
stn_009,2026-06-14 0:00:00,88,72
stn_003,2026-06-29 12:00:00,80,83
STN_010,2026-06-08 5:00:00,DEVICE_ERROR,-123
Stn_003,2026-06-22 17:00:00,378,393
STN_009,2026-06-21 17:00:00,466,415
STN_001,2026-06-21 1:00:00,83,71
STN_009,2026-06-11 20:00:00,266,238
STN_009,2026-06-03 12:00:00,82,82
STN_002,2026-06-17 14:00:00,DEVICE_ERROR,90
STN_007,2026-06-01 12:00:00,-94,91
stn_009,2026-06-12 22:00:00,96,96
Stn_006,2026-06-02 11:00:00,108,108
STN_010,2026-06-29 9:00:00,367,357
STN_001,2026-06-18 20:00:00,253,249
STN_002,2026-06-15 11:00:00,112,103
STN_003,2026-06-20 18:00:00,DEVICE_ERROR,420
stn_002,2026-06-29 21:00:00,137,118
STN_003,2026-06-16 8:00:00,413,354
STN_003,2026-06-17 14:00:00,85,69
STN_005,2026-06-21 2:00:00,90,75
STN_004,2026-06-30 2:00:00,77,-79
STN_004,2026-06-09 2:00:00,79,67
STN_007,2026-06-06 12:00:00,75,68
stn_009,2026-06-17 0:00:00,71,59
Stn_005,2026-06-01 18:00:00,514,415
stn_003,2026-06-18 19:00:00,404,325
Stn_009,2026-06-19 7:00:00,434,370
STN_001,2026-06-28 20:00:00,243,199
STN_005,2026-06-15 9:00:00,DEVICE_ERROR,317
Stn_009,2026-06-03 4:00:00,78,66
stn_002,2026-06-21 18:00:00,496,487
Stn_010,2026-06-17 11:00:00,104,85
stn_009,2026-06-18 23:00:00,74,71
stn_001,2026-06-21 13:00:00,70,64
STN_004,2026-06-15 0:00:00,78,77
STN_002,2026-06-09 18:00:00,470,380
STN_005,2026-06-15 17:00:00,466,419
STN_003,2026-06-16 23:00:00,79,80
STN_009,2026-06-15 0:00:00,83,85
STN_008,2026-06-10 22:00:00,97,DEVICE_ERROR
STN_006,2026-06-13 5:00:00,106,100
STN_010,2026-06-11 9:00:00,DEVICE_ERROR,388
stn_010,2026-06-04 1:00:00,91,74
stn_003,2026-06-13 0:00:00,87,86
STN_009,2026-06-30 7:00:00,-392,378
STN_010,2026-06-24 5:00:00,113,112
STN_003,2026-06-17 15:00:00,135,118
STN_003,2026-06-22 11:00:00,117,108
STN_006,2026-06-23 10:00:00,222,211
stn_009,2026-06-24 10:00:00,198,193
stn_004,2026-06-15 22:00:00,77,80
STN_002,2026-06-18 16:00:00,223,184
STN_010,2026-06-15 9:00:00,334,300
stn_009,2026-06-02 1:00:00,90,89
STN_005,2026-06-23 12:00:00,83,78
stn_005,2026-06-10 21:00:00,109,104
STN_005,2026-06-17 10:00:00,230,186
stn_006,2026-06-17 20:00:00,238,208
Stn_003,2026-06-15 2:00:00,78,78
Stn_005,2026-06-15 11:00:00,115,93
STN_009,2026-06-15 16:00:00,271,283
stn_005,2026-06-30 12:00:00,-95,83
stn_007,2026-06-20 6:00:00,201,205
STN_009,2026-06-21 16:00:00,281,233
STN_002,2026-06-15 20:00:00,242,221
Stn_007,2026-06-25 1:00:00,80,80
STN_001,2026-06-15 10:00:00,208,-187
stn_003,2026-06-13 7:00:00,441,358
STN_010,2026-06-12 13:00:00,71,68
STN_006,2026-06-08 18:00:00,526,-476
Stn_005,2026-06-05 2:00:00,88,71
stn_003,2026-06-02 13:00:00,90,74
STN_004,2026-06-25 18:00:00,485,489
STN_005,2026-06-08 0:00:00,76,74
STN_006,2026-06-07 18:00:00,503,436
STN_010,2026-06-03 16:00:00,DEVICE_ERROR,193
Stn_009,2026-06-15 10:00:00,218,221
STN_007,2026-06-26 6:00:00,242,202
Stn_002,2026-06-21 1:00:00,90,85
stn_010,2026-06-26 0:00:00,73,73
STN_010,2026-06-10 8:00:00,474,475
stn_001,2026-06-02 5:00:00,128,-111
STN_007,2026-06-19 0:00:00,82,74
Stn_002,2026-06-15 8:00:00,538,542
STN_006,2026-06-22 13:00:00,79,64
stn_001,2026-06-29 0:00:00,72,60
STN_007,2026-06-05 16:00:00,225,201
STN_007,2026-06-01 7:00:00,429,DEVICE_ERROR
STN_005,2026-06-23 8:00:00,501,495
stn_001,2026-06-12 12:00:00,76,69
STN_009,2026-06-27 4:00:00,86,DEVICE_ERROR
STN_009,2026-06-21 7:00:00,387,342
stn_006,2026-06-15 17:00:00,386,403
stn_010,2026-06-23 4:00:00,94,85
STN_004,2026-06-13 1:00:00,80,70
STN_002,2026-06-04 23:00:00,90,87
stn_004,2026-06-15 7:00:00,387,386
Stn_007,2026-06-08 1:00:00,76,72
stn_003,2026-06-12 15:00:00,139,130
STN_007,2026-06-13 11:00:00,105,86
STN_009,2026-06-27 5:00:00,125,102
STN_005,2026-06-24 17:00:00,477,451
STN_002,2026-06-13 18:00:00,593,-621
STN_009,2026-06-07 17:00:00,485,418
Stn_004,2026-06-16 4:00:00,88,71
Stn_008,2026-06-14 13:00:00,70,73
Stn_007,2026-06-22 23:00:00,81,79
stn_003,2026-06-11 21:00:00,131,109
STN_010,2026-06-02 2:00:00,83,71
stn_010,2026-06-07 14:00:00,80,78
STN_006,2026-06-29 3:00:00,76,78
stn_006,2026-06-15 9:00:00,348,290
stn_001,2026-06-11 15:00:00,119,98
STN_007,2026-06-29 12:00:00,84,77
STN_005,2026-06-02 23:00:00,-91,93
STN_001,2026-06-15 8:00:00,524,477
STN_004,2026-06-24 17:00:00,-439,427
stn_007,2026-06-29 4:00:00,83,DEVICE_ERROR
STN_006,2026-06-13 12:00:00,78,67
STN_004,2026-06-09 0:00:00,70,62
stn_003,2026-06-19 17:00:00,420,375
stn_001,2026-06-20 23:00:00,91,91
STN_002,2026-06-01 22:00:00,DEVICE_ERROR,84
STN_007,2026-06-07 5:00:00,138,120
STN_008,2026-06-05 6:00:00,-260,263
stn_010,2026-06-15 10:00:00,228,DEVICE_ERROR
stn_009,2026-06-17 13:00:00,78,63
stn_008,2026-06-26 20:00:00,216,185
stn_006,2026-06-12 2:00:00,84,75
Stn_010,2026-06-24 4:00:00,97,101
STN_010,2026-06-28 14:00:00,84,77
STN_005,2026-06-12 21:00:00,122,-105
STN_001,2026-06-15 11:00:00,DEVICE_ERROR,102
stn_007,2026-06-03 14:00:00,101,93
stn_003,2026-06-15 7:00:00,428,DEVICE_ERROR
STN_010,2026-06-23 21:00:00,134,111
stn_003,2026-06-05 21:00:00,113,102
stn_006,2026-06-06 22:00:00,85,82
STN_001,2026-06-29 1:00:00,91,84
STN_009,2026-06-15 7:00:00,430,414
stn_006,2026-06-09 21:00:00,129,132
stn_005,2026-06-20 12:00:00,81,-82
stn_008,2026-06-15 7:00:00,391,403
STN_009,2026-06-13 0:00:00,88,89
STN_009,2026-06-26 12:00:00,79,73
STN_007,2026-06-13 23:00:00,71,70
stn_008,2026-06-18 22:00:00,84,76
STN_001,2026-06-18 16:00:00,257,232
Stn_003,2026-06-22 0:00:00,71,-68
STN_008,2026-06-30 3:00:00,78,67
STN_007,2026-06-09 21:00:00,112,112
STN_004,2026-06-01 22:00:00,90,92
stn_010,2026-06-06 10:00:00,197,197
STN_003,2026-06-19 21:00:00,144,125
STN_009,2026-06-19 17:00:00,370,306
STN_008,2026-06-25 15:00:00,115,116
STN_007,2026-06-06 22:00:00,82,70
STN_002,2026-06-08 23:00:00,69,70
STN_009,2026-06-08 15:00:00,115,105
STN_007,2026-06-04 7:00:00,402,-411
STN_003,2026-06-15 23:00:00,88,73
STN_005,2026-06-18 5:00:00,107,90
stn_004,2026-06-24 15:00:00,111,102
Stn_008,2026-06-15 3:00:00,69,72
Stn_002,2026-06-30 19:00:00,442,459
stn_006,2026-06-02 18:00:00,575,-470
Stn_008,2026-06-15 0:00:00,78,80
STN_010,2026-06-15 14:00:00,76,70
stn_003,2026-06-16 6:00:00,223,DEVICE_ERROR
STN_002,2026-06-24 14:00:00,100,89
STN_009,2026-06-19 1:00:00,75,71
STN_007,2026-06-12 0:00:00,72,64
STN_006,2026-06-27 16:00:00,264,262
stn_007,2026-06-15 12:00:00,88,91
stn_006,2026-06-03 16:00:00,242,209
stn_004,2026-06-16 7:00:00,DEVICE_ERROR,328
stn_004,2026-06-26 17:00:00,478,479
Stn_010,2026-06-30 14:00:00,98,92
STN_002,2026-06-14 9:00:00,399,340
stn_007,2026-06-10 16:00:00,245,202
STN_008,2026-06-12 6:00:00,-234,218
Stn_003,2026-06-18 4:00:00,96,94
stn_006,2026-06-19 18:00:00,525,444
STN_005,2026-06-25 22:00:00,95,83
stn_001,2026-06-19 0:00:00,75,62
stn_002,2026-06-09 5:00:00,138,DEVICE_ERROR
Stn_004,2026-06-10 7:00:00,342,324
Stn_001,2026-06-17 7:00:00,376,319
STN_007,2026-06-16 17:00:00,424,419
stn_004,2026-06-14 14:00:00,94,98
STN_006,2026-06-09 10:00:00,237,221
Stn_006,2026-06-11 13:00:00,82,-78
stn_004,2026-06-22 19:00:00,DEVICE_ERROR,458
STN_006,2026-06-27 6:00:00,219,201
STN_004,2026-06-27 19:00:00,401,386
STN_002,2026-06-17 15:00:00,143,117
stn_002,2026-06-14 15:00:00,117,118
Stn_010,2026-06-02 18:00:00,597,565
STN_004,2026-06-13 16:00:00,224,199
stn_010,2026-06-25 1:00:00,DEVICE_ERROR,75
STN_001,2026-06-16 1:00:00,90,80
STN_009,2026-06-14 3:00:00,71,66
STN_010,2026-06-02 23:00:00,80,DEVICE_ERROR
STN_010,2026-06-11 8:00:00,551,494
stn_005,2026-06-29 15:00:00,142,128
Stn_006,2026-06-11 19:00:00,380,329
Stn_002,2026-06-07 16:00:00,239,236
STN_005,2026-06-05 12:00:00,91,76
stn_010,2026-06-11 5:00:00,128,DEVICE_ERROR
Stn_004,2026-06-15 23:00:00,72,68
stn_008,2026-06-14 2:00:00,72,73
STN_002,2026-06-15 2:00:00,80,77
stn_008,2026-06-01 14:00:00,78,73
STN_009,2026-06-20 23:00:00,79,80
Stn_003,2026-06-26 2:00:00,80,-73
STN_007,2026-06-15 7:00:00,412,331
Stn_002,2026-06-15 12:00:00,89,85
STN_009,2026-06-13 23:00:00,89,75
STN_004,2026-06-18 7:00:00,434,436
stn_010,2026-06-30 20:00:00,237,207
stn_001,2026-06-01 14:00:00,86,74
STN_007,2026-06-15 19:00:00,473,456
stn_005,2026-06-26 4:00:00,89,91
stn_004,2026-06-05 23:00:00,77,68
STN_009,2026-06-23 16:00:00,213,222
stn_003,2026-06-28 1:00:00,73,60
stn_004,2026-06-08 19:00:00,465,473
STN_007,2026-06-15 18:00:00,585,523
Stn_010,2026-06-15 21:00:00,125,111
STN_010,2026-06-14 13:00:00,88,91
STN_006,2026-06-27 12:00:00,86,82
Stn_001,2026-06-06 18:00:00,481,501
stn_008,2026-06-20 16:00:00,216,207
stn_007,2026-06-23 23:00:00,71,57
STN_003,2026-06-06 7:00:00,340,289
STN_005,2026-06-03 23:00:00,85,79
STN_002,2026-06-17 12:00:00,92,93
STN_003,2026-06-18 6:00:00,199,197
STN_006,2026-06-10 15:00:00,131,106
stn_009,2026-06-01 16:00:00,240,240
stn_007,2026-06-23 4:00:00,96,99
STN_002,2026-06-13 0:00:00,71,59
STN_009,2026-06-14 20:00:00,230,DEVICE_ERROR
stn_010,2026-06-20 4:00:00,77,72
STN_006,2026-06-16 19:00:00,484,398
STN_005,2026-06-17 9:00:00,355,346
STN_009,2026-06-08 2:00:00,88,93
stn_006,2026-06-15 11:00:00,138,133
STN_009,2026-06-11 23:00:00,71,67
stn_007,2026-06-07 12:00:00,79,77
stn_006,2026-06-09 2:00:00,76,71
STN_004,2026-06-06 8:00:00,506,434
stn_004,2026-06-01 9:00:00,429,385
stn_005,2026-06-12 1:00:00,79,78
STN_006,2026-06-01 23:00:00,92,79
STN_003,2026-06-15 14:00:00,4,4
stn_008,2026-06-14 21:00:00,147,139
STN_007,2026-06-27 12:00:00,90,72
STN_008,2026-06-07 22:00:00,97,89
STN_004,2026-06-15 8:00:00,431,435
Stn_010,2026-06-09 18:00:00,469,487
STN_007,2026-06-13 7:00:00,387,398
Stn_005,2026-06-29 4:00:00,-93,97
Stn_010,2026-06-15 6:00:00,DEVICE_ERROR,DEVICE_ERROR
STN_010,2026-06-17 14:00:00,87,-87
Stn_001,2026-06-05 9:00:00,362,303
STN_007,2026-06-21 10:00:00,211,170
Stn_008,2026-06-16 18:00:00,DEVICE_ERROR,393
STN_001,2026-06-14 9:00:00,349,348
STN_002,2026-06-29 15:00:00,116,97
Stn_002,2026-06-09 10:00:00,220,210
STN_006,2026-06-03 18:00:00,475,414
STN_006,2026-06-15 1:00:00,85,83
stn_001,2026-06-15 13:00:00,93,95
Stn_009,2026-06-19 10:00:00,248,216
STN_005,2026-06-11 9:00:00,380,323
STN_005,2026-06-12 10:00:00,227,226
Stn_008,2026-06-23 11:00:00,137,DEVICE_ERROR
STN_005,2026-06-10 23:00:00,76,73
STN_005,2026-06-29 23:00:00,79,74
stn_003,2026-06-01 19:00:00,DEVICE_ERROR,406
STN_002,2026-06-03 3:00:00,88,86
STN_005,2026-06-20 6:00:00,200,186
stn_004,2026-06-19 10:00:00,229,232
stn_005,2026-06-30 22:00:00,88,80
stn_004,2026-06-15 15:00:00,-139,146
STN_006,2026-06-15 20:00:00,-226,189
STN_005,2026-06-30 0:00:00,74,59
stn_002,2026-06-04 19:00:00,468,382
STN_010,2026-06-16 18:00:00,520,509
stn_007,2026-06-15 8:00:00,416,400
STN_003,2026-06-30 13:00:00,71,73
stn_004,2026-06-25 13:00:00,92,92
STN_002,2026-06-11 2:00:00,85,85
STN_001,2026-06-04 6:00:00,-211,185
STN_001,2026-06-06 6:00:00,228,236
STN_003,2026-06-09 18:00:00,586,503
stn_010,2026-06-25 21:00:00,DEVICE_ERROR,97
STN_003,2026-06-26 7:00:00,-426,364
Stn_005,2026-06-25 8:00:00,481,422
STN_001,2026-06-25 17:00:00,420,419
stn_007,2026-06-09 2:00:00,82,79
STN_008,2026-06-30 4:00:00,84,77
stn_010,2026-06-15 13:00:00,78,-80
stn_010,2026-06-08 8:00:00,457,434
Stn_007,2026-06-03 8:00:00,415,371
stn_008,2026-06-18 2:00:00,72,72
STN_010,2026-06-17 2:00:00,87,84
STN_003,2026-06-01 18:00:00,485,499
stn_006,2026-06-23 21:00:00,145,130
stn_010,2026-06-15 16:00:00,DEVICE_ERROR,195
STN_006,2026-06-30 5:00:00,113,110
STN_002,2026-06-10 0:00:00,72,75
Stn_007,2026-06-23 11:00:00,125,106
STN_010,2026-06-11 12:00:00,89,72
STN_009,2026-06-24 5:00:00,116,117
stn_008,2026-06-15 11:00:00,126,117
Stn_005,2026-06-25 14:00:00,86,89
stn_001,2026-06-23 10:00:00,223,232
stn_005,2026-06-15 23:00:00,93,-91
STN_001,2026-06-29 16:00:00,266,268
STN_008,2026-06-05 5:00:00,-119,108
STN_003,2026-06-14 22:00:00,80,71
Stn_009,2026-06-24 9:00:00,DEVICE_ERROR,329
STN_008,2026-06-04 11:00:00,127,119
Stn_005,2026-06-01 10:00:00,196,159
STN_003,2026-06-27 1:00:00,78,76
STN_003,2026-06-08 23:00:00,69,DEVICE_ERROR
STN_002,2026-06-30 15:00:00,109,100
STN_002,2026-06-21 12:00:00,82,75
STN_009,2026-06-04 11:00:00,138,115
STN_007,2026-06-01 11:00:00,104,109
stn_005,2026-06-13 22:00:00,91,91
stn_009,2026-06-15 13:00:00,86,72
STN_004,2026-06-21 7:00:00,370,309
stn_009,2026-06-08 1:00:00,92,80
stn_010,2026-06-25 7:00:00,417,371
Stn_005,2026-06-30 18:00:00,529,527
stn_005,2026-06-12 13:00:00,77,DEVICE_ERROR
STN_005,2026-06-28 8:00:00,534,519
Stn_007,2026-06-11 10:00:00,207,211
stn_003,2026-06-26 17:00:00,402,355
Stn_004,2026-06-18 0:00:00,79,DEVICE_ERROR
STN_004,2026-06-17 0:00:00,85,86
Stn_006,2026-06-21 22:00:00,82,82
STN_005,2026-06-23 15:00:00,123,121
stn_004,2026-06-25 5:00:00,126,123
Stn_007,2026-06-19 11:00:00,112,112
stn_001,2026-06-28 22:00:00,96,DEVICE_ERROR
STN_004,2026-06-14 9:00:00,410,400
Stn_008,2026-06-24 10:00:00,196,168
stn_007,2026-06-03 15:00:00,119,101
stn_005,2026-06-15 20:00:00,215,204
Stn_008,2026-06-17 19:00:00,385,388
STN_007,2026-06-14 18:00:00,562,585
stn_008,2026-06-25 14:00:00,80,75
STN_002,2026-06-15 13:00:00,92,89
STN_004,2026-06-15 1:00:00,78,63
stn_006,2026-06-03 13:00:00,87,90
stn_004,2026-06-28 3:00:00,DEVICE_ERROR,64
STN_004,2026-06-27 6:00:00,237,214
Stn_005,2026-06-09 19:00:00,421,414
stn_010,2026-06-16 5:00:00,108,93
STN_009,2026-06-18 9:00:00,434,395
STN_005,2026-06-25 19:00:00,392,370
stn_008,2026-06-02 6:00:00,200,201
STN_001,2026-06-22 23:00:00,87,77
Stn_001,2026-06-22 17:00:00,408,334
STN_008,2026-06-10 21:00:00,144,143
STN_004,2026-06-28 7:00:00,401,374
STN_001,2026-06-17 11:00:00,114,112
Stn_009,2026-06-01 22:00:00,81,67
STN_006,2026-06-03 9:00:00,360,292
Stn_008,2026-06-07 8:00:00,-499,-474
Stn_001,2026-06-30 11:00:00,109,-95
Stn_005,2026-06-04 13:00:00,90,76
stn_003,2026-06-29 17:00:00,401,343
STN_008,2026-06-16 0:00:00,69,60
Stn_009,2026-06-26 21:00:00,DEVICE_ERROR,114
STN_002,2026-06-01 3:00:00,73,65
stn_008,2026-06-15 6:00:00,232,196
stn_007,2026-06-27 10:00:00,203,184
STN_010,2026-06-15 4:00:00,78,78
stn_006,2026-06-08 6:00:00,244,207
STN_003,2026-06-05 5:00:00,126,124
STN_002,2026-06-20 12:00:00,84,86
STN_003,2026-06-15 8:00:00,519,484
STN_007,2026-06-26 1:00:00,82,83
STN_002,2026-06-15 16:00:00,224,231
stn_006,2026-06-24 21:00:00,129,135
stn_002,2026-06-29 17:00:00,404,326
stn_004,2026-06-11 23:00:00,89,76
stn_008,2026-06-06 9:00:00,434,433
STN_002,2026-06-26 1:00:00,83,75
STN_004,2026-06-05 12:00:00,75,63
STN_003,2026-06-25 8:00:00,529,472
STN_001,2026-06-20 9:00:00,386,381
stn_010,2026-06-21 12:00:00,79,82
STN_006,2026-06-03 6:00:00,247,248
Stn_009,2026-06-08 13:00:00,86,87
STN_007,2026-06-11 15:00:00,134,113
STN_008,2026-06-30 1:00:00,83,69
STN_001,2026-06-29 17:00:00,477,450
Stn_002,2026-06-10 19:00:00,463,397
Stn_003,2026-06-28 4:00:00,83,70
stn_004,2026-06-15 16:00:00,213,194
stn_002,2026-06-09 6:00:00,234,220
stn_010,2026-06-27 2:00:00,DEVICE_ERROR,87
stn_006,2026-06-17 5:00:00,135,109
stn_005,2026-06-03 16:00:00,221,204
stn_002,2026-06-26 13:00:00,83,73
Stn_009,2026-06-29 2:00:00,83,75
stn_008,2026-06-07 3:00:00,82,81
STN_005,2026-06-15 18:00:00,DEVICE_ERROR,538
STN_010,2026-06-28 20:00:00,240,248
stn_010,2026-06-11 18:00:00,585,475
STN_009,2026-06-20 13:00:00,86,83
stn_008,2026-06-08 5:00:00,120,DEVICE_ERROR
Stn_005,2026-06-20 20:00:00,279,258
stn_002,2026-06-04 0:00:00,70,70
STN_002,2026-06-17 5:00:00,111,95
Stn_005,2026-06-18 0:00:00,72,73
stn_002,2026-06-11 7:00:00,438,372
STN_004,2026-06-03 22:00:00,84,69
STN_006,2026-06-13 6:00:00,237,225
Stn_006,2026-06-23 20:00:00,258,248
STN_006,2026-06-15 21:00:00,136,110
stn_003,2026-06-04 16:00:00,237,210
stn_003,2026-06-25 6:00:00,-236,240
STN_002,2026-06-15 19:00:00,438,363
stn_007,2026-06-05 19:00:00,-383,365
STN_009,2026-06-05 22:00:00,97,99
STN_003,2026-06-30 4:00:00,87,73
STN_007,2026-06-07 20:00:00,239,238
STN_001,2026-06-03 10:00:00,225,221
Stn_002,2026-06-18 2:00:00,86,80
stn_004,2026-06-04 12:00:00,92,82
Stn_004,2026-06-22 17:00:00,385,340
stn_010,2026-06-14 10:00:00,242,240
stn_002,2026-06-05 12:00:00,79,79
stn_010,2026-06-21 23:00:00,80,66
Stn_010,2026-06-26 11:00:00,137,123
stn_004,2026-06-29 15:00:00,DEVICE_ERROR,118
stn_001,2026-06-29 3:00:00,73,67
STN_003,2026-06-17 5:00:00,111,93
STN_007,2026-06-25 14:00:00,91,95
stn_008,2026-06-21 19:00:00,442,423
stn_005,2026-06-07 4:00:00,94,96
STN_001,2026-06-27 13:00:00,85,78
STN_001,2026-06-15 14:00:00,82,76
STN_005,2026-06-24 22:00:00,DEVICE_ERROR,67
stn_007,2026-06-04 13:00:00,78,-67
STN_007,2026-06-11 21:00:00,135,133
Stn_001,2026-06-01 2:00:00,87,DEVICE_ERROR
Stn_009,2026-06-02 17:00:00,402,327
stn_007,2026-06-12 10:00:00,216,209
STN_006,2026-06-29 23:00:00,76,67
STN_005,2026-06-15 15:00:00,120,109
stn_005,2026-06-25 20:00:00,215,-184
stn_003,2026-06-25 11:00:00,135,126
STN_009,2026-06-26 17:00:00,404,405
STN_006,2026-06-21 3:00:00,81,71
Stn_005,2026-06-21 22:00:00,101,83
STN_006,2026-06-23 11:00:00,134,135
stn_006,2026-06-19 12:00:00,89,78
Stn_009,2026-06-27 9:00:00,437,-383
stn_004,2026-06-08 10:00:00,260,222
STN_004,2026-06-23 10:00:00,212,193
Stn_010,2026-06-16 9:00:00,378,308
stn_006,2026-06-26 20:00:00,DEVICE_ERROR,248
STN_010,2026-06-18 13:00:00,DEVICE_ERROR,62
stn_008,2026-06-28 21:00:00,122,126
stn_002,2026-06-25 19:00:00,463,414
STN_003,2026-06-26 14:00:00,84,71
STN_003,2026-06-21 23:00:00,89,73
STN_001,2026-06-12 13:00:00,76,63
stn_004,2026-06-28 0:00:00,91,92
STN_010,2026-06-18 14:00:00,78,72
stn_003,2026-06-27 20:00:00,276,240
STN_004,2026-06-26 15:00:00,118,119
stn_003,2026-06-06 22:00:00,75,61
STN_009,2026-06-11 0:00:00,68,57
Stn_010,2026-06-21 2:00:00,77,68
Stn_007,2026-06-22 17:00:00,431,-365
STN_009,2026-06-12 4:00:00,77,72
Stn_001,2026-06-21 12:00:00,77,63
STN_004,2026-06-19 16:00:00,264,228
STN_006,2026-06-15 12:00:00,82,82
STN_005,2026-06-11 16:00:00,211,169
stn_006,2026-06-11 2:00:00,77,71
STN_008,2026-06-19 20:00:00,250,252
Stn_004,2026-06-21 10:00:00,209,202
STN_005,2026-06-21 19:00:00,378,348
STN_009,2026-06-18 2:00:00,71,66
stn_003,2026-06-30 1:00:00,80,68
STN_010,2026-06-18 2:00:00,91,90
Stn_010,2026-06-22 12:00:00,88,DEVICE_ERROR
STN_009,2026-06-20 12:00:00,-81,DEVICE_ERROR
stn_005,2026-06-23 21:00:00,125,127
STN_008,2026-06-25 9:00:00,-364,293
stn_006,2026-06-20 17:00:00,403,388
STN_008,2026-06-29 13:00:00,71,59
stn_004,2026-06-29 14:00:00,97,83
Stn_004,2026-06-25 23:00:00,90,74
stn_006,2026-06-28 8:00:00,487,414
stn_003,2026-06-14 13:00:00,-77,66
STN_008,2026-06-11 15:00:00,124,114
stn_008,2026-06-15 4:00:00,83,75
Stn_004,2026-06-28 8:00:00,438,366
stn_003,2026-06-10 15:00:00,145,131
stn_004,2026-06-12 6:00:00,259,248
STN_007,2026-06-10 5:00:00,109,98
stn_005,2026-06-16 23:00:00,76,73
stn_002,2026-06-19 1:00:00,71,62
stn_008,2026-06-26 6:00:00,215,196
STN_008,2026-06-17 8:00:00,539,508
stn_008,2026-06-09 15:00:00,118,113
stn_010,2026-06-15 3:00:00,74,64
STN_001,2026-06-10 0:00:00,86,82
Stn_010,2026-06-17 1:00:00,76,65
STN_010,2026-06-25 16:00:00,266,214
stn_005,2026-06-13 19:00:00,416,354
STN_006,2026-06-28 17:00:00,421,-439
STN_009,2026-06-21 9:00:00,425,350
Stn_001,2026-06-09 17:00:00,483,411
stn_003,2026-06-27 21:00:00,142,121
STN_006,2026-06-02 23:00:00,77,71
STN_008,2026-06-15 12:00:00,95,77
stn_004,2026-06-10 21:00:00,-123,121
stn_001,2026-06-19 15:00:00,114,117
Stn_004,2026-06-13 22:00:00,84,81
stn_001,2026-06-15 23:00:00,70,61
STN_007,2026-06-24 10:00:00,219,216
STN_006,2026-06-26 19:00:00,467,460
stn_008,2026-06-22 9:00:00,382,394
stn_003,2026-06-15 3:00:00,82,84
Stn_003,2026-06-24 23:00:00,82,72
STN_009,2026-06-15 6:00:00,201,176
STN_005,2026-06-04 9:00:00,353,317
STN_006,2026-06-07 7:00:00,450,419
STN_003,2026-06-14 8:00:00,427,385
STN_002,2026-06-15 6:00:00,257,231
stn_007,2026-06-07 8:00:00,471,418
STN_008,2026-06-13 20:00:00,234,210
STN_005,2026-06-28 3:00:00,75,73
Stn_007,2026-06-18 19:00:00,468,456
STN_008,2026-06-15 20:00:00,231,DEVICE_ERROR
STN_009,2026-06-27 19:00:00,384,315
STN_008,2026-06-11 1:00:00,89,-76
STN_003,2026-06-29 9:00:00,432,348
Stn_003,2026-06-11 4:00:00,98,87
STN_004,2026-06-27 20:00:00,224,218
STN_006,2026-06-15 0:00:00,75,73
STN_002,2026-06-24 17:00:00,387,337
stn_001,2026-06-13 23:00:00,88,72
stn_004,2026-06-12 18:00:00,555,446
STN_007,2026-06-02 16:00:00,-253,244
STN_005,2026-06-14 1:00:00,69,67
stn_002,2026-06-27 23:00:00,81,79
STN_007,2026-06-24 8:00:00,497,412
STN_008,2026-06-07 21:00:00,130,112
Stn_004,2026-06-09 21:00:00,146,119
stn_010,2026-06-15 15:00:00,118,121
STN_010,2026-06-15 0:00:00,82,82
stn_004,2026-06-15 17:00:00,369,308
STN_010,2026-06-13 15:00:00,130,105
Stn_004,2026-06-04 7:00:00,436,-353
Stn_003,2026-06-03 12:00:00,86,82
stn_009,2026-06-15 19:00:00,419,356
STN_007,2026-06-01 17:00:00,399,322
STN_008,2026-06-15 9:00:00,336,297
STN_009,2026-06-04 14:00:00,86,70
STN_003,2026-06-23 4:00:00,86,81
STN_010,2026-06-27 11:00:00,127,132
Stn_004,2026-06-07 0:00:00,76,-68
Stn_009,2026-06-05 1:00:00,86,81
STN_010,2026-06-07 20:00:00,267,243
STN_004,2026-06-26 1:00:00,90,74
STN_006,2026-06-07 2:00:00,86,70
stn_009,2026-06-10 6:00:00,195,189
stn_004,2026-06-23 19:00:00,403,381
Stn_004,2026-06-17 11:00:00,105,101
STN_002,2026-06-16 4:00:00,83,78
stn_010,2026-06-22 9:00:00,333,317
STN_008,2026-06-11 19:00:00,430,358
stn_003,2026-06-17 4:00:00,84,76
Stn_008,2026-06-20 20:00:00,226,182
STN_007,2026-06-09 13:00:00,79,65
STN_001,2026-06-02 20:00:00,280,243
STN_007,2026-06-28 5:00:00,116,100
stn_003,2026-06-01 14:00:00,77,75
Stn_007,2026-06-17 10:00:00,246,239
STN_010,2026-06-15 8:00:00,536,473
STN_003,2026-06-09 0:00:00,77,68
stn_004,2026-06-07 8:00:00,526,450
stn_002,2026-06-04 3:00:00,DEVICE_ERROR,78
STN_008,2026-06-13 4:00:00,94,79
stn_007,2026-06-04 5:00:00,140,117
STN_002,2026-06-14 20:00:00,246,239
stn_010,2026-06-15 20:00:00,252,241
stn_002,2026-06-15 14:00:00,96,91
Stn_007,2026-06-06 10:00:00,210,195
stn_006,2026-06-27 10:00:00,197,188
STN_010,2026-06-12 20:00:00,267,216
STN_002,2026-06-27 13:00:00,91,87
STN_010,2026-06-05 5:00:00,106,109
STN_008,2026-06-26 17:00:00,413,398
stn_008,2026-06-15 8:00:00,488,422
STN_003,2026-06-19 15:00:00,146,124
stn_002,2026-06-27 21:00:00,136,129
Stn_008,2026-06-22 16:00:00,-256,230
STN_006,2026-06-08 19:00:00,402,DEVICE_ERROR
STN_010,2026-06-30 11:00:00,113,107
STN_006,2026-06-14 17:00:00,432,359
STN_005,2026-06-05 22:00:00,80,-77
STN_007,2026-06-15 11:00:00,139,136
Stn_004,2026-06-04 8:00:00,527,476
STN_007,2026-06-03 17:00:00,456,426
STN_004,2026-06-24 8:00:00,549,543
STN_002,2026-06-13 19:00:00,415,398
stn_007,2026-06-07 21:00:00,135,-115
stn_008,2026-06-12 2:00:00,76,69
Stn_001,2026-06-23 2:00:00,77,67
STN_008,2026-06-28 13:00:00,79,73
STN_010,2026-06-27 8:00:00,458,431
STN_009,2026-06-16 10:00:00,258,231
STN_005,2026-06-10 9:00:00,431,354
Stn_006,2026-06-21 14:00:00,85,79
STN_008,2026-06-15 13:00:00,89,82
stn_008,2026-06-15 17:00:00,437,360
STN_006,2026-06-21 7:00:00,396,374
STN_005,2026-06-24 11:00:00,106,89
STN_005,2026-06-16 6:00:00,206,213
Stn_005,2026-06-04 5:00:00,104,105
STN_006,2026-06-01 20:00:00,236,211
Stn_010,2026-06-13 4:00:00,88,73
stn_005,2026-06-09 16:00:00,281,284
STN_002,2026-06-22 21:00:00,132,123
STN_007,2026-06-22 16:00:00,270,276
Stn_006,2026-06-30 4:00:00,77,77
STN_002,2026-06-21 20:00:00,244,204
stn_006,2026-06-02 13:00:00,80,71
Stn_008,2026-06-20 13:00:00,73,68
STN_003,2026-06-15 9:00:00,385,360
stn_005,2026-06-10 1:00:00,78,72
stn_009,2026-06-20 4:00:00,92,95
stn_010,2026-06-13 7:00:00,378,320
Stn_001,2026-06-05 2:00:00,81,73
STN_003,2026-06-01 3:00:00,81,-78
stn_003,2026-06-06 9:00:00,381,379
STN_001,2026-06-11 0:00:00,92,77
stn_005,2026-06-07 17:00:00,408,381
stn_007,2026-06-19 3:00:00,85,88
STN_008,2026-06-03 9:00:00,405,339
STN_001,2026-06-15 0:00:00,86,70
Stn_004,2026-06-01 10:00:00,234,200
STN_008,2026-06-11 16:00:00,274,264
STN_008,2026-06-28 5:00:00,115,115
stn_002,2026-06-23 3:00:00,75,60
stn_003,2026-06-17 7:00:00,393,405
stn_005,2026-06-23 18:00:00,477,412
stn_009,2026-06-14 14:00:00,87,74
STN_002,2026-06-19 4:00:00,89,93
STN_006,2026-06-24 1:00:00,82,DEVICE_ERROR
Stn_007,2026-06-29 16:00:00,250,250
STN_004,2026-06-10 13:00:00,89,93
STN_002,2026-06-30 21:00:00,128,115
STN_005,2026-06-12 12:00:00,86,90
STN_005,2026-06-15 21:00:00,142,116
stn_002,2026-06-04 16:00:00,278,234
STN_002,2026-06-28 5:00:00,140,127
STN_006,2026-06-15 15:00:00,DEVICE_ERROR,118
stn_007,2026-06-12 19:00:00,487,469
stn_010,2026-06-22 21:00:00,117,DEVICE_ERROR
stn_005,2026-06-26 2:00:00,77,66
Stn_006,2026-06-09 1:00:00,-84,72
Stn_001,2026-06-16 7:00:00,377,-346
STN_010,2026-06-08 3:00:00,76,67
stn_005,2026-06-24 8:00:00,544,479
STN_001,2026-06-15 16:00:00,266,221
Stn_005,2026-06-13 18:00:00,544,546
STN_003,2026-06-05 2:00:00,81,77
stn_004,2026-06-01 17:00:00,420,433
Stn_003,2026-06-20 22:00:00,79,78
STN_007,2026-06-08 15:00:00,134,131
STN_008,2026-06-17 9:00:00,-436,439
STN_007,2026-06-05 3:00:00,78,-70
STN_005,2026-06-15 19:00:00,371,385
STN_003,2026-06-18 15:00:00,123,108
stn_005,2026-06-07 5:00:00,114,94
stn_005,2026-06-14 7:00:00,345,349
stn_010,2026-06-21 11:00:00,123,104
stn_003,2026-06-23 11:00:00,119,105
stn_008,2026-06-06 5:00:00,121,116
STN_009,2026-06-13 7:00:00,400,384
STN_003,2026-06-20 7:00:00,389,403
STN_001,2026-06-26 23:00:00,73,60
STN_002,2026-06-03 20:00:00,249,260
stn_002,2026-06-26 7:00:00,352,292
STN_002,2026-06-15 7:00:00,434,446
stn_008,2026-06-16 6:00:00,238,228
STN_003,2026-06-21 19:00:00,446,463
Stn_005,2026-06-02 15:00:00,137,129
Stn_008,2026-06-22 0:00:00,75,68
stn_006,2026-06-06 10:00:00,225,226
stn_007,2026-06-18 14:00:00,92,85
STN_008,2026-06-08 16:00:00,229,240
STN_001,2026-06-03 9:00:00,345,287
STN_004,2026-06-25 4:00:00,90,84
STN_009,2026-06-15 12:00:00,82,80
stn_008,2026-06-26 14:00:00,81,77
stn_003,2026-06-16 21:00:00,123,106
STN_009,2026-06-16 11:00:00,123,121
stn_006,2026-06-19 15:00:00,109,88
stn_001,2026-06-15 20:00:00,218,202
STN_004,2026-06-22 1:00:00,86,84
STN_008,2026-06-16 14:00:00,DEVICE_ERROR,84